Country,region,Subregion,indictor,2010,shuoming,title
Albania,Europe,Southern Europe,Female 0-14 Count,0,欧洲地区的受害女性群体的年龄分布较为平均，最多还是集中在15-29岁的女性群体，比较奇怪的是欧洲地区60岁以上的女性群体受害的人数位列第二名，其次才是0-14岁。这方面的独特性可以进一步探讨这些案件背后的主要原因。而德国、意大利、罗马地区的受害群体人数是较多的。,欧洲地区各年龄女性遭受凶杀的人数
Albania,Europe,Southern Europe,Female 15-29 Count,3,欧洲地区的受害女性群体的年龄分布较为平均，最多还是集中在15-29岁的女性群体，比较奇怪的是欧洲地区60岁以上的女性群体受害的人数位列第二名，其次才是0-14岁。这方面的独特性可以进一步探讨这些案件背后的主要原因。而德国、意大利、罗马地区的受害群体人数是较多的。,欧洲地区各年龄女性遭受凶杀的人数
Albania,Europe,Southern Europe,Female 30-44 Count,5,欧洲地区的受害女性群体的年龄分布较为平均，最多还是集中在15-29岁的女性群体，比较奇怪的是欧洲地区60岁以上的女性群体受害的人数位列第二名，其次才是0-14岁。这方面的独特性可以进一步探讨这些案件背后的主要原因。而德国、意大利、罗马地区的受害群体人数是较多的。,欧洲地区各年龄女性遭受凶杀的人数
Albania,Europe,Southern Europe,Female 45-59 Count,5,欧洲地区的受害女性群体的年龄分布较为平均，最多还是集中在15-29岁的女性群体，比较奇怪的是欧洲地区60岁以上的女性群体受害的人数位列第二名，其次才是0-14岁。这方面的独特性可以进一步探讨这些案件背后的主要原因。而德国、意大利、罗马地区的受害群体人数是较多的。,欧洲地区各年龄女性遭受凶杀的人数
Albania,Europe,Southern Europe,Female 60 or more Count,6,欧洲地区的受害女性群体的年龄分布较为平均，最多还是集中在15-29岁的女性群体，比较奇怪的是欧洲地区60岁以上的女性群体受害的人数位列第二名，其次才是0-14岁。这方面的独特性可以进一步探讨这些案件背后的主要原因。而德国、意大利、罗马地区的受害群体人数是较多的。,欧洲地区各年龄女性遭受凶杀的人数
Aruba,Americas,Caribbean,Female 0-14 Count,0,美洲地区的调查地区数据较完善，可以明显看到各年龄阶段的受害女性较多，主要集中在15岁到29岁的女性群体。值得注意的是1-14岁的女性群体受害人数排名第二，可见较为年幼的女性群体在社会的危险指数也较高，需要受到关注。,美洲地区各年龄层女性遭受凶杀的人数
Aruba,Americas,Caribbean,Female 15-29 Count,0,美洲地区的调查地区数据较完善，可以明显看到各年龄阶段的受害女性较多，主要集中在15岁到29岁的女性群体。值得注意的是1-14岁的女性群体受害人数排名第二，可见较为年幼的女性群体在社会的危险指数也较高，需要受到关注。,美洲地区各年龄层女性遭受凶杀的人数
Aruba,Americas,Caribbean,Female 30-44 Count,0,美洲地区的调查地区数据较完善，可以明显看到各年龄阶段的受害女性较多，主要集中在15岁到29岁的女性群体。值得注意的是1-14岁的女性群体受害人数排名第二，可见较为年幼的女性群体在社会的危险指数也较高，需要受到关注。,美洲地区各年龄层女性遭受凶杀的人数
Aruba,Americas,Caribbean,Female 45-59 Count,0,美洲地区的调查地区数据较完善，可以明显看到各年龄阶段的受害女性较多，主要集中在15岁到29岁的女性群体。值得注意的是1-14岁的女性群体受害人数排名第二，可见较为年幼的女性群体在社会的危险指数也较高，需要受到关注。,美洲地区各年龄层女性遭受凶杀的人数
Aruba,Americas,Caribbean,Female 60 or more Count,0,美洲地区的调查地区数据较完善，可以明显看到各年龄阶段的受害女性较多，主要集中在15岁到29岁的女性群体。值得注意的是1-14岁的女性群体受害人数排名第二，可见较为年幼的女性群体在社会的危险指数也较高，需要受到关注。,美洲地区各年龄层女性遭受凶杀的人数
Australia,Oceania,Australia and New Zealand,Female 0-14 Count,8,大洋洲地区只调查了澳大利亚与新西兰两个国家，澳大利亚的受害人数高于新西兰，受害的女性群体主要集中在30-44岁和45-59岁，年龄较小和较为年老的女性的危险系数较低。,大洋洲地区各年龄女性遭受凶杀的人数
Australia,Oceania,Australia and New Zealand,Female 15-29 Count,11,大洋洲地区只调查了澳大利亚与新西兰两个国家，澳大利亚的受害人数高于新西兰，受害的女性群体主要集中在30-44岁和45-59岁，年龄较小和较为年老的女性的危险系数较低。,大洋洲地区各年龄女性遭受凶杀的人数
Australia,Oceania,Australia and New Zealand,Female 30-44 Count,33,大洋洲地区只调查了澳大利亚与新西兰两个国家，澳大利亚的受害人数高于新西兰，受害的女性群体主要集中在30-44岁和45-59岁，年龄较小和较为年老的女性的危险系数较低。,大洋洲地区各年龄女性遭受凶杀的人数
Australia,Oceania,Australia and New Zealand,Female 45-59 Count,31,大洋洲地区只调查了澳大利亚与新西兰两个国家，澳大利亚的受害人数高于新西兰，受害的女性群体主要集中在30-44岁和45-59岁，年龄较小和较为年老的女性的危险系数较低。,大洋洲地区各年龄女性遭受凶杀的人数
Australia,Oceania,Australia and New Zealand,Female 60 or more Count,10,大洋洲地区只调查了澳大利亚与新西兰两个国家，澳大利亚的受害人数高于新西兰，受害的女性群体主要集中在30-44岁和45-59岁，年龄较小和较为年老的女性的危险系数较低。,大洋洲地区各年龄女性遭受凶杀的人数
Austria,Europe,Western Europe,Female 0-14 Count,1,欧洲地区的受害女性群体的年龄分布较为平均，最多还是集中在15-29岁的女性群体，比较奇怪的是欧洲地区60岁以上的女性群体受害的人数位列第二名，其次才是0-14岁。这方面的独特性可以进一步探讨这些案件背后的主要原因。而德国、意大利、罗马地区的受害群体人数是较多的。,欧洲地区各年龄女性遭受凶杀的人数
Austria,Europe,Western Europe,Female 15-29 Count,4,欧洲地区的受害女性群体的年龄分布较为平均，最多还是集中在15-29岁的女性群体，比较奇怪的是欧洲地区60岁以上的女性群体受害的人数位列第二名，其次才是0-14岁。这方面的独特性可以进一步探讨这些案件背后的主要原因。而德国、意大利、罗马地区的受害群体人数是较多的。,欧洲地区各年龄女性遭受凶杀的人数
Austria,Europe,Western Europe,Female 30-44 Count,8,欧洲地区的受害女性群体的年龄分布较为平均，最多还是集中在15-29岁的女性群体，比较奇怪的是欧洲地区60岁以上的女性群体受害的人数位列第二名，其次才是0-14岁。这方面的独特性可以进一步探讨这些案件背后的主要原因。而德国、意大利、罗马地区的受害群体人数是较多的。,欧洲地区各年龄女性遭受凶杀的人数
Austria,Europe,Western Europe,Female 45-59 Count,6,欧洲地区的受害女性群体的年龄分布较为平均，最多还是集中在15-29岁的女性群体，比较奇怪的是欧洲地区60岁以上的女性群体受害的人数位列第二名，其次才是0-14岁。这方面的独特性可以进一步探讨这些案件背后的主要原因。而德国、意大利、罗马地区的受害群体人数是较多的。,欧洲地区各年龄女性遭受凶杀的人数
Austria,Europe,Western Europe,Female 60 or more Count,11,欧洲地区的受害女性群体的年龄分布较为平均，最多还是集中在15-29岁的女性群体，比较奇怪的是欧洲地区60岁以上的女性群体受害的人数位列第二名，其次才是0-14岁。这方面的独特性可以进一步探讨这些案件背后的主要原因。而德国、意大利、罗马地区的受害群体人数是较多的。,欧洲地区各年龄女性遭受凶杀的人数
Bahamas,Americas,Caribbean,Female 0-14 Count,1,美洲地区的调查地区数据较完善，可以明显看到各年龄阶段的受害女性较多，主要集中在15岁到29岁的女性群体。值得注意的是1-14岁的女性群体受害人数排名第二，可见较为年幼的女性群体在社会的危险指数也较高，需要受到关注。,美洲地区各年龄层女性遭受凶杀的人数
Bahamas,Americas,Caribbean,Female 15-29 Count,6,美洲地区的调查地区数据较完善，可以明显看到各年龄阶段的受害女性较多，主要集中在15岁到29岁的女性群体。值得注意的是1-14岁的女性群体受害人数排名第二，可见较为年幼的女性群体在社会的危险指数也较高，需要受到关注。,美洲地区各年龄层女性遭受凶杀的人数
Bahamas,Americas,Caribbean,Female 30-44 Count,4,美洲地区的调查地区数据较完善，可以明显看到各年龄阶段的受害女性较多，主要集中在15岁到29岁的女性群体。值得注意的是1-14岁的女性群体受害人数排名第二，可见较为年幼的女性群体在社会的危险指数也较高，需要受到关注。,美洲地区各年龄层女性遭受凶杀的人数
Bahamas,Americas,Caribbean,Female 45-59 Count,1,美洲地区的调查地区数据较完善，可以明显看到各年龄阶段的受害女性较多，主要集中在15岁到29岁的女性群体。值得注意的是1-14岁的女性群体受害人数排名第二，可见较为年幼的女性群体在社会的危险指数也较高，需要受到关注。,美洲地区各年龄层女性遭受凶杀的人数
Bahamas,Americas,Caribbean,Female 60 or more Count,2,美洲地区的调查地区数据较完善，可以明显看到各年龄阶段的受害女性较多，主要集中在15岁到29岁的女性群体。值得注意的是1-14岁的女性群体受害人数排名第二，可见较为年幼的女性群体在社会的危险指数也较高，需要受到关注。,美洲地区各年龄层女性遭受凶杀的人数
Barbados,Americas,Caribbean,Female 0-14 Count,0,美洲地区的调查地区数据较完善，可以明显看到各年龄阶段的受害女性较多，主要集中在15岁到29岁的女性群体。值得注意的是1-14岁的女性群体受害人数排名第二，可见较为年幼的女性群体在社会的危险指数也较高，需要受到关注。,美洲地区各年龄层女性遭受凶杀的人数
Barbados,Americas,Caribbean,Female 15-29 Count,5,美洲地区的调查地区数据较完善，可以明显看到各年龄阶段的受害女性较多，主要集中在15岁到29岁的女性群体。值得注意的是1-14岁的女性群体受害人数排名第二，可见较为年幼的女性群体在社会的危险指数也较高，需要受到关注。,美洲地区各年龄层女性遭受凶杀的人数
Barbados,Americas,Caribbean,Female 30-44 Count,1,美洲地区的调查地区数据较完善，可以明显看到各年龄阶段的受害女性较多，主要集中在15岁到29岁的女性群体。值得注意的是1-14岁的女性群体受害人数排名第二，可见较为年幼的女性群体在社会的危险指数也较高，需要受到关注。,美洲地区各年龄层女性遭受凶杀的人数
Barbados,Americas,Caribbean,Female 45-59 Count,1,美洲地区的调查地区数据较完善，可以明显看到各年龄阶段的受害女性较多，主要集中在15岁到29岁的女性群体。值得注意的是1-14岁的女性群体受害人数排名第二，可见较为年幼的女性群体在社会的危险指数也较高，需要受到关注。,美洲地区各年龄层女性遭受凶杀的人数
Barbados,Americas,Caribbean,Female 60 or more Count,1,美洲地区的调查地区数据较完善，可以明显看到各年龄阶段的受害女性较多，主要集中在15岁到29岁的女性群体。值得注意的是1-14岁的女性群体受害人数排名第二，可见较为年幼的女性群体在社会的危险指数也较高，需要受到关注。,美洲地区各年龄层女性遭受凶杀的人数
Belarus,Europe,Eastern Europe,Female 0-14 Count,5,欧洲地区的受害女性群体的年龄分布较为平均，最多还是集中在15-29岁的女性群体，比较奇怪的是欧洲地区60岁以上的女性群体受害的人数位列第二名，其次才是0-14岁。这方面的独特性可以进一步探讨这些案件背后的主要原因。而德国、意大利、罗马地区的受害群体人数是较多的。,欧洲地区各年龄女性遭受凶杀的人数
Belarus,Europe,Eastern Europe,Female 15-29 Count,17,欧洲地区的受害女性群体的年龄分布较为平均，最多还是集中在15-29岁的女性群体，比较奇怪的是欧洲地区60岁以上的女性群体受害的人数位列第二名，其次才是0-14岁。这方面的独特性可以进一步探讨这些案件背后的主要原因。而德国、意大利、罗马地区的受害群体人数是较多的。,欧洲地区各年龄女性遭受凶杀的人数
Belarus,Europe,Eastern Europe,Female 30-44 Count,33,欧洲地区的受害女性群体的年龄分布较为平均，最多还是集中在15-29岁的女性群体，比较奇怪的是欧洲地区60岁以上的女性群体受害的人数位列第二名，其次才是0-14岁。这方面的独特性可以进一步探讨这些案件背后的主要原因。而德国、意大利、罗马地区的受害群体人数是较多的。,欧洲地区各年龄女性遭受凶杀的人数
Belize,Americas,Central America,Female 0-14 Count,2,美洲地区的调查地区数据较完善，可以明显看到各年龄阶段的受害女性较多，主要集中在15岁到29岁的女性群体。值得注意的是1-14岁的女性群体受害人数排名第二，可见较为年幼的女性群体在社会的危险指数也较高，需要受到关注。,美洲地区各年龄层女性遭受凶杀的人数
Belize,Americas,Central America,Female 15-29 Count,6,美洲地区的调查地区数据较完善，可以明显看到各年龄阶段的受害女性较多，主要集中在15岁到29岁的女性群体。值得注意的是1-14岁的女性群体受害人数排名第二，可见较为年幼的女性群体在社会的危险指数也较高，需要受到关注。,美洲地区各年龄层女性遭受凶杀的人数
Belize,Americas,Central America,Female 30-44 Count,6,美洲地区的调查地区数据较完善，可以明显看到各年龄阶段的受害女性较多，主要集中在15岁到29岁的女性群体。值得注意的是1-14岁的女性群体受害人数排名第二，可见较为年幼的女性群体在社会的危险指数也较高，需要受到关注。,美洲地区各年龄层女性遭受凶杀的人数
Belize,Americas,Central America,Female 45-59 Count,1,美洲地区的调查地区数据较完善，可以明显看到各年龄阶段的受害女性较多，主要集中在15岁到29岁的女性群体。值得注意的是1-14岁的女性群体受害人数排名第二，可见较为年幼的女性群体在社会的危险指数也较高，需要受到关注。,美洲地区各年龄层女性遭受凶杀的人数
Belize,Americas,Central America,Female 60 or more Count,0,美洲地区的调查地区数据较完善，可以明显看到各年龄阶段的受害女性较多，主要集中在15岁到29岁的女性群体。值得注意的是1-14岁的女性群体受害人数排名第二，可见较为年幼的女性群体在社会的危险指数也较高，需要受到关注。,美洲地区各年龄层女性遭受凶杀的人数
Bermuda,Americas,Northern America,Female 0-14 Count,0,美洲地区的调查地区数据较完善，可以明显看到各年龄阶段的受害女性较多，主要集中在15岁到29岁的女性群体。值得注意的是1-14岁的女性群体受害人数排名第二，可见较为年幼的女性群体在社会的危险指数也较高，需要受到关注。,美洲地区各年龄层女性遭受凶杀的人数
Bermuda,Americas,Northern America,Female 15-29 Count,0,美洲地区的调查地区数据较完善，可以明显看到各年龄阶段的受害女性较多，主要集中在15岁到29岁的女性群体。值得注意的是1-14岁的女性群体受害人数排名第二，可见较为年幼的女性群体在社会的危险指数也较高，需要受到关注。,美洲地区各年龄层女性遭受凶杀的人数
Bermuda,Americas,Northern America,Female 30-44 Count,0,美洲地区的调查地区数据较完善，可以明显看到各年龄阶段的受害女性较多，主要集中在15岁到29岁的女性群体。值得注意的是1-14岁的女性群体受害人数排名第二，可见较为年幼的女性群体在社会的危险指数也较高，需要受到关注。,美洲地区各年龄层女性遭受凶杀的人数
Bermuda,Americas,Northern America,Female 45-59 Count,0,美洲地区的调查地区数据较完善，可以明显看到各年龄阶段的受害女性较多，主要集中在15岁到29岁的女性群体。值得注意的是1-14岁的女性群体受害人数排名第二，可见较为年幼的女性群体在社会的危险指数也较高，需要受到关注。,美洲地区各年龄层女性遭受凶杀的人数
Bermuda,Americas,Northern America,Female 60 or more Count,0,美洲地区的调查地区数据较完善，可以明显看到各年龄阶段的受害女性较多，主要集中在15岁到29岁的女性群体。值得注意的是1-14岁的女性群体受害人数排名第二，可见较为年幼的女性群体在社会的危险指数也较高，需要受到关注。,美洲地区各年龄层女性遭受凶杀的人数
Bosnia and Herzegovina,Europe,Southern Europe,Female 0-14 Count,0,欧洲地区的受害女性群体的年龄分布较为平均，最多还是集中在15-29岁的女性群体，比较奇怪的是欧洲地区60岁以上的女性群体受害的人数位列第二名，其次才是0-14岁。这方面的独特性可以进一步探讨这些案件背后的主要原因。而德国、意大利、罗马地区的受害群体人数是较多的。,欧洲地区各年龄女性遭受凶杀的人数
Bosnia and Herzegovina,Europe,Southern Europe,Female 15-29 Count,2,欧洲地区的受害女性群体的年龄分布较为平均，最多还是集中在15-29岁的女性群体，比较奇怪的是欧洲地区60岁以上的女性群体受害的人数位列第二名，其次才是0-14岁。这方面的独特性可以进一步探讨这些案件背后的主要原因。而德国、意大利、罗马地区的受害群体人数是较多的。,欧洲地区各年龄女性遭受凶杀的人数
Bosnia and Herzegovina,Europe,Southern Europe,Female 30-44 Count,2,欧洲地区的受害女性群体的年龄分布较为平均，最多还是集中在15-29岁的女性群体，比较奇怪的是欧洲地区60岁以上的女性群体受害的人数位列第二名，其次才是0-14岁。这方面的独特性可以进一步探讨这些案件背后的主要原因。而德国、意大利、罗马地区的受害群体人数是较多的。,欧洲地区各年龄女性遭受凶杀的人数
Bosnia and Herzegovina,Europe,Southern Europe,Female 45-59 Count,3,欧洲地区的受害女性群体的年龄分布较为平均，最多还是集中在15-29岁的女性群体，比较奇怪的是欧洲地区60岁以上的女性群体受害的人数位列第二名，其次才是0-14岁。这方面的独特性可以进一步探讨这些案件背后的主要原因。而德国、意大利、罗马地区的受害群体人数是较多的。,欧洲地区各年龄女性遭受凶杀的人数
Bosnia and Herzegovina,Europe,Southern Europe,Female 60 or more Count,3,欧洲地区的受害女性群体的年龄分布较为平均，最多还是集中在15-29岁的女性群体，比较奇怪的是欧洲地区60岁以上的女性群体受害的人数位列第二名，其次才是0-14岁。这方面的独特性可以进一步探讨这些案件背后的主要原因。而德国、意大利、罗马地区的受害群体人数是较多的。,欧洲地区各年龄女性遭受凶杀的人数
Brazil,Americas,South America,Female 0-14 Count,231,美洲地区的调查地区数据较完善，可以明显看到各年龄阶段的受害女性较多，主要集中在15岁到29岁的女性群体。值得注意的是1-14岁的女性群体受害人数排名第二，可见较为年幼的女性群体在社会的危险指数也较高，需要受到关注。,美洲地区各年龄层女性遭受凶杀的人数
Brazil,Americas,South America,Female 15-29 Count,1651,美洲地区的调查地区数据较完善，可以明显看到各年龄阶段的受害女性较多，主要集中在15岁到29岁的女性群体。值得注意的是1-14岁的女性群体受害人数排名第二，可见较为年幼的女性群体在社会的危险指数也较高，需要受到关注。,美洲地区各年龄层女性遭受凶杀的人数
Bulgaria,Europe,Eastern Europe,Female 0-14 Count,0,欧洲地区的受害女性群体的年龄分布较为平均，最多还是集中在15-29岁的女性群体，比较奇怪的是欧洲地区60岁以上的女性群体受害的人数位列第二名，其次才是0-14岁。这方面的独特性可以进一步探讨这些案件背后的主要原因。而德国、意大利、罗马地区的受害群体人数是较多的。,欧洲地区各年龄女性遭受凶杀的人数
Bulgaria,Europe,Eastern Europe,Female 15-29 Count,4,欧洲地区的受害女性群体的年龄分布较为平均，最多还是集中在15-29岁的女性群体，比较奇怪的是欧洲地区60岁以上的女性群体受害的人数位列第二名，其次才是0-14岁。这方面的独特性可以进一步探讨这些案件背后的主要原因。而德国、意大利、罗马地区的受害群体人数是较多的。,欧洲地区各年龄女性遭受凶杀的人数
Bulgaria,Europe,Eastern Europe,Female 30-44 Count,2,欧洲地区的受害女性群体的年龄分布较为平均，最多还是集中在15-29岁的女性群体，比较奇怪的是欧洲地区60岁以上的女性群体受害的人数位列第二名，其次才是0-14岁。这方面的独特性可以进一步探讨这些案件背后的主要原因。而德国、意大利、罗马地区的受害群体人数是较多的。,欧洲地区各年龄女性遭受凶杀的人数
Bulgaria,Europe,Eastern Europe,Female 45-59 Count,6,欧洲地区的受害女性群体的年龄分布较为平均，最多还是集中在15-29岁的女性群体，比较奇怪的是欧洲地区60岁以上的女性群体受害的人数位列第二名，其次才是0-14岁。这方面的独特性可以进一步探讨这些案件背后的主要原因。而德国、意大利、罗马地区的受害群体人数是较多的。,欧洲地区各年龄女性遭受凶杀的人数
Bulgaria,Europe,Eastern Europe,Female 60 or more Count,15,欧洲地区的受害女性群体的年龄分布较为平均，最多还是集中在15-29岁的女性群体，比较奇怪的是欧洲地区60岁以上的女性群体受害的人数位列第二名，其次才是0-14岁。这方面的独特性可以进一步探讨这些案件背后的主要原因。而德国、意大利、罗马地区的受害群体人数是较多的。,欧洲地区各年龄女性遭受凶杀的人数
Canada,Americas,Northern America,Female 0-14 Count,12,美洲地区的调查地区数据较完善，可以明显看到各年龄阶段的受害女性较多，主要集中在15岁到29岁的女性群体。值得注意的是1-14岁的女性群体受害人数排名第二，可见较为年幼的女性群体在社会的危险指数也较高，需要受到关注。,美洲地区各年龄层女性遭受凶杀的人数
Canada,Americas,Northern America,Female 15-29 Count,50,美洲地区的调查地区数据较完善，可以明显看到各年龄阶段的受害女性较多，主要集中在15岁到29岁的女性群体。值得注意的是1-14岁的女性群体受害人数排名第二，可见较为年幼的女性群体在社会的危险指数也较高，需要受到关注。,美洲地区各年龄层女性遭受凶杀的人数
Canada,Americas,Northern America,Female 60 or more Count,24,美洲地区的调查地区数据较完善，可以明显看到各年龄阶段的受害女性较多，主要集中在15岁到29岁的女性群体。值得注意的是1-14岁的女性群体受害人数排名第二，可见较为年幼的女性群体在社会的危险指数也较高，需要受到关注。,美洲地区各年龄层女性遭受凶杀的人数
Cayman Islands,Americas,Caribbean,Female 0-14 Count,0,美洲地区的调查地区数据较完善，可以明显看到各年龄阶段的受害女性较多，主要集中在15岁到29岁的女性群体。值得注意的是1-14岁的女性群体受害人数排名第二，可见较为年幼的女性群体在社会的危险指数也较高，需要受到关注。,美洲地区各年龄层女性遭受凶杀的人数
Cayman Islands,Americas,Caribbean,Female 15-29 Count,0,美洲地区的调查地区数据较完善，可以明显看到各年龄阶段的受害女性较多，主要集中在15岁到29岁的女性群体。值得注意的是1-14岁的女性群体受害人数排名第二，可见较为年幼的女性群体在社会的危险指数也较高，需要受到关注。,美洲地区各年龄层女性遭受凶杀的人数
Cayman Islands,Americas,Caribbean,Female 30-44 Count,0,美洲地区的调查地区数据较完善，可以明显看到各年龄阶段的受害女性较多，主要集中在15岁到29岁的女性群体。值得注意的是1-14岁的女性群体受害人数排名第二，可见较为年幼的女性群体在社会的危险指数也较高，需要受到关注。,美洲地区各年龄层女性遭受凶杀的人数
Cayman Islands,Americas,Caribbean,Female 45-59 Count,0,美洲地区的调查地区数据较完善，可以明显看到各年龄阶段的受害女性较多，主要集中在15岁到29岁的女性群体。值得注意的是1-14岁的女性群体受害人数排名第二，可见较为年幼的女性群体在社会的危险指数也较高，需要受到关注。,美洲地区各年龄层女性遭受凶杀的人数
Cayman Islands,Americas,Caribbean,Female 60 or more Count,0,美洲地区的调查地区数据较完善，可以明显看到各年龄阶段的受害女性较多，主要集中在15岁到29岁的女性群体。值得注意的是1-14岁的女性群体受害人数排名第二，可见较为年幼的女性群体在社会的危险指数也较高，需要受到关注。,美洲地区各年龄层女性遭受凶杀的人数
Chile,Americas,South America,Female 0-14 Count,0,美洲地区的调查地区数据较完善，可以明显看到各年龄阶段的受害女性较多，主要集中在15岁到29岁的女性群体。值得注意的是1-14岁的女性群体受害人数排名第二，可见较为年幼的女性群体在社会的危险指数也较高，需要受到关注。,美洲地区各年龄层女性遭受凶杀的人数
Chile,Americas,South America,Female 15-29 Count,31,美洲地区的调查地区数据较完善，可以明显看到各年龄阶段的受害女性较多，主要集中在15岁到29岁的女性群体。值得注意的是1-14岁的女性群体受害人数排名第二，可见较为年幼的女性群体在社会的危险指数也较高，需要受到关注。,美洲地区各年龄层女性遭受凶杀的人数
Chile,Americas,South America,Female 45-59 Count,19,美洲地区的调查地区数据较完善，可以明显看到各年龄阶段的受害女性较多，主要集中在15岁到29岁的女性群体。值得注意的是1-14岁的女性群体受害人数排名第二，可见较为年幼的女性群体在社会的危险指数也较高，需要受到关注。,美洲地区各年龄层女性遭受凶杀的人数
Chile,Americas,South America,Female 60 or more Count,2,美洲地区的调查地区数据较完善，可以明显看到各年龄阶段的受害女性较多，主要集中在15岁到29岁的女性群体。值得注意的是1-14岁的女性群体受害人数排名第二，可见较为年幼的女性群体在社会的危险指数也较高，需要受到关注。,美洲地区各年龄层女性遭受凶杀的人数
"China, Hong Kong Special Administrative Region",Asia,Eastern Asia,Female 0-14 Count,3,亚洲收集了40多个地区的数据，可以看到受害人群同样是较多集中在15-29岁，其次则是0-14岁的女性。与美洲地区的分布比例相似，在下面的细则数据表中可以发现，数量较多的国家有菲律宾和泰国，分布有接近400人和200人的受害人数，与其他国家差距较大。,亚洲地区各年龄女性遭受凶杀的人数
"China, Hong Kong Special Administrative Region",Asia,Eastern Asia,Female 15-29 Count,1,亚洲收集了40多个地区的数据，可以看到受害人群同样是较多集中在15-29岁，其次则是0-14岁的女性。与美洲地区的分布比例相似，在下面的细则数据表中可以发现，数量较多的国家有菲律宾和泰国，分布有接近400人和200人的受害人数，与其他国家差距较大。,亚洲地区各年龄女性遭受凶杀的人数
"China, Hong Kong Special Administrative Region",Asia,Eastern Asia,Female 30-44 Count,6,亚洲收集了40多个地区的数据，可以看到受害人群同样是较多集中在15-29岁，其次则是0-14岁的女性。与美洲地区的分布比例相似，在下面的细则数据表中可以发现，数量较多的国家有菲律宾和泰国，分布有接近400人和200人的受害人数，与其他国家差距较大。,亚洲地区各年龄女性遭受凶杀的人数
"China, Hong Kong Special Administrative Region",Asia,Eastern Asia,Female 45-59 Count,4,亚洲收集了40多个地区的数据，可以看到受害人群同样是较多集中在15-29岁，其次则是0-14岁的女性。与美洲地区的分布比例相似，在下面的细则数据表中可以发现，数量较多的国家有菲律宾和泰国，分布有接近400人和200人的受害人数，与其他国家差距较大。,亚洲地区各年龄女性遭受凶杀的人数
"China, Hong Kong Special Administrative Region",Asia,Eastern Asia,Female 60 or more Count,5,亚洲收集了40多个地区的数据，可以看到受害人群同样是较多集中在15-29岁，其次则是0-14岁的女性。与美洲地区的分布比例相似，在下面的细则数据表中可以发现，数量较多的国家有菲律宾和泰国，分布有接近400人和200人的受害人数，与其他国家差距较大。,亚洲地区各年龄女性遭受凶杀的人数
"China, Macao Special Administrative Region",Asia,Eastern Asia,Female 0-14 Count,0,亚洲收集了40多个地区的数据，可以看到受害人群同样是较多集中在15-29岁，其次则是0-14岁的女性。与美洲地区的分布比例相似，在下面的细则数据表中可以发现，数量较多的国家有菲律宾和泰国，分布有接近400人和200人的受害人数，与其他国家差距较大。,亚洲地区各年龄女性遭受凶杀的人数
"China, Macao Special Administrative Region",Asia,Eastern Asia,Female 15-29 Count,0,亚洲收集了40多个地区的数据，可以看到受害人群同样是较多集中在15-29岁，其次则是0-14岁的女性。与美洲地区的分布比例相似，在下面的细则数据表中可以发现，数量较多的国家有菲律宾和泰国，分布有接近400人和200人的受害人数，与其他国家差距较大。,亚洲地区各年龄女性遭受凶杀的人数
"China, Macao Special Administrative Region",Asia,Eastern Asia,Female 30-44 Count,0,亚洲收集了40多个地区的数据，可以看到受害人群同样是较多集中在15-29岁，其次则是0-14岁的女性。与美洲地区的分布比例相似，在下面的细则数据表中可以发现，数量较多的国家有菲律宾和泰国，分布有接近400人和200人的受害人数，与其他国家差距较大。,亚洲地区各年龄女性遭受凶杀的人数
"China, Macao Special Administrative Region",Asia,Eastern Asia,Female 45-59 Count,0,亚洲收集了40多个地区的数据，可以看到受害人群同样是较多集中在15-29岁，其次则是0-14岁的女性。与美洲地区的分布比例相似，在下面的细则数据表中可以发现，数量较多的国家有菲律宾和泰国，分布有接近400人和200人的受害人数，与其他国家差距较大。,亚洲地区各年龄女性遭受凶杀的人数
"China, Macao Special Administrative Region",Asia,Eastern Asia,Female 60 or more Count,0,亚洲收集了40多个地区的数据，可以看到受害人群同样是较多集中在15-29岁，其次则是0-14岁的女性。与美洲地区的分布比例相似，在下面的细则数据表中可以发现，数量较多的国家有菲律宾和泰国，分布有接近400人和200人的受害人数，与其他国家差距较大。,亚洲地区各年龄女性遭受凶杀的人数
Colombia,Americas,South America,Female 0-14 Count,71,美洲地区的调查地区数据较完善，可以明显看到各年龄阶段的受害女性较多，主要集中在15岁到29岁的女性群体。值得注意的是1-14岁的女性群体受害人数排名第二，可见较为年幼的女性群体在社会的危险指数也较高，需要受到关注。,美洲地区各年龄层女性遭受凶杀的人数
Colombia,Americas,South America,Female 15-29 Count,527,美洲地区的调查地区数据较完善，可以明显看到各年龄阶段的受害女性较多，主要集中在15岁到29岁的女性群体。值得注意的是1-14岁的女性群体受害人数排名第二，可见较为年幼的女性群体在社会的危险指数也较高，需要受到关注。,美洲地区各年龄层女性遭受凶杀的人数
Costa Rica,Americas,Central America,Female 0-14 Count,17,美洲地区的调查地区数据较完善，可以明显看到各年龄阶段的受害女性较多，主要集中在15岁到29岁的女性群体。值得注意的是1-14岁的女性群体受害人数排名第二，可见较为年幼的女性群体在社会的危险指数也较高，需要受到关注。,美洲地区各年龄层女性遭受凶杀的人数
Costa Rica,Americas,Central America,Female 15-29 Count,20,美洲地区的调查地区数据较完善，可以明显看到各年龄阶段的受害女性较多，主要集中在15岁到29岁的女性群体。值得注意的是1-14岁的女性群体受害人数排名第二，可见较为年幼的女性群体在社会的危险指数也较高，需要受到关注。,美洲地区各年龄层女性遭受凶杀的人数
Costa Rica,Americas,Central America,Female 30-44 Count,11,美洲地区的调查地区数据较完善，可以明显看到各年龄阶段的受害女性较多，主要集中在15岁到29岁的女性群体。值得注意的是1-14岁的女性群体受害人数排名第二，可见较为年幼的女性群体在社会的危险指数也较高，需要受到关注。,美洲地区各年龄层女性遭受凶杀的人数
Costa Rica,Americas,Central America,Female 45-59 Count,9,美洲地区的调查地区数据较完善，可以明显看到各年龄阶段的受害女性较多，主要集中在15岁到29岁的女性群体。值得注意的是1-14岁的女性群体受害人数排名第二，可见较为年幼的女性群体在社会的危险指数也较高，需要受到关注。,美洲地区各年龄层女性遭受凶杀的人数
Costa Rica,Americas,Central America,Female 60 or more Count,4,美洲地区的调查地区数据较完善，可以明显看到各年龄阶段的受害女性较多，主要集中在15岁到29岁的女性群体。值得注意的是1-14岁的女性群体受害人数排名第二，可见较为年幼的女性群体在社会的危险指数也较高，需要受到关注。,美洲地区各年龄层女性遭受凶杀的人数
Croatia,Europe,Southern Europe,Female 0-14 Count,3,欧洲地区的受害女性群体的年龄分布较为平均，最多还是集中在15-29岁的女性群体，比较奇怪的是欧洲地区60岁以上的女性群体受害的人数位列第二名，其次才是0-14岁。这方面的独特性可以进一步探讨这些案件背后的主要原因。而德国、意大利、罗马地区的受害群体人数是较多的。,欧洲地区各年龄女性遭受凶杀的人数
Croatia,Europe,Southern Europe,Female 15-29 Count,6,欧洲地区的受害女性群体的年龄分布较为平均，最多还是集中在15-29岁的女性群体，比较奇怪的是欧洲地区60岁以上的女性群体受害的人数位列第二名，其次才是0-14岁。这方面的独特性可以进一步探讨这些案件背后的主要原因。而德国、意大利、罗马地区的受害群体人数是较多的。,欧洲地区各年龄女性遭受凶杀的人数
Croatia,Europe,Southern Europe,Female 30-44 Count,5,欧洲地区的受害女性群体的年龄分布较为平均，最多还是集中在15-29岁的女性群体，比较奇怪的是欧洲地区60岁以上的女性群体受害的人数位列第二名，其次才是0-14岁。这方面的独特性可以进一步探讨这些案件背后的主要原因。而德国、意大利、罗马地区的受害群体人数是较多的。,欧洲地区各年龄女性遭受凶杀的人数
Croatia,Europe,Southern Europe,Female 45-59 Count,5,欧洲地区的受害女性群体的年龄分布较为平均，最多还是集中在15-29岁的女性群体，比较奇怪的是欧洲地区60岁以上的女性群体受害的人数位列第二名，其次才是0-14岁。这方面的独特性可以进一步探讨这些案件背后的主要原因。而德国、意大利、罗马地区的受害群体人数是较多的。,欧洲地区各年龄女性遭受凶杀的人数
Croatia,Europe,Southern Europe,Female 60 or more Count,13,欧洲地区的受害女性群体的年龄分布较为平均，最多还是集中在15-29岁的女性群体，比较奇怪的是欧洲地区60岁以上的女性群体受害的人数位列第二名，其次才是0-14岁。这方面的独特性可以进一步探讨这些案件背后的主要原因。而德国、意大利、罗马地区的受害群体人数是较多的。,欧洲地区各年龄女性遭受凶杀的人数
Cuba,Americas,Caribbean,Female 0-14 Count,0,美洲地区的调查地区数据较完善，可以明显看到各年龄阶段的受害女性较多，主要集中在15岁到29岁的女性群体。值得注意的是1-14岁的女性群体受害人数排名第二，可见较为年幼的女性群体在社会的危险指数也较高，需要受到关注。,美洲地区各年龄层女性遭受凶杀的人数
Cuba,Americas,Caribbean,Female 15-29 Count,42,美洲地区的调查地区数据较完善，可以明显看到各年龄阶段的受害女性较多，主要集中在15岁到29岁的女性群体。值得注意的是1-14岁的女性群体受害人数排名第二，可见较为年幼的女性群体在社会的危险指数也较高，需要受到关注。,美洲地区各年龄层女性遭受凶杀的人数
Cuba,Americas,Caribbean,Female 30-44 Count,55,美洲地区的调查地区数据较完善，可以明显看到各年龄阶段的受害女性较多，主要集中在15岁到29岁的女性群体。值得注意的是1-14岁的女性群体受害人数排名第二，可见较为年幼的女性群体在社会的危险指数也较高，需要受到关注。,美洲地区各年龄层女性遭受凶杀的人数
Cuba,Americas,Caribbean,Female 60 or more Count,8,美洲地区的调查地区数据较完善，可以明显看到各年龄阶段的受害女性较多，主要集中在15岁到29岁的女性群体。值得注意的是1-14岁的女性群体受害人数排名第二，可见较为年幼的女性群体在社会的危险指数也较高，需要受到关注。,美洲地区各年龄层女性遭受凶杀的人数
Czechia,Europe,Eastern Europe,Female 0-14 Count,8,欧洲地区的受害女性群体的年龄分布较为平均，最多还是集中在15-29岁的女性群体，比较奇怪的是欧洲地区60岁以上的女性群体受害的人数位列第二名，其次才是0-14岁。这方面的独特性可以进一步探讨这些案件背后的主要原因。而德国、意大利、罗马地区的受害群体人数是较多的。,欧洲地区各年龄女性遭受凶杀的人数
Czechia,Europe,Eastern Europe,Female 15-29 Count,7,欧洲地区的受害女性群体的年龄分布较为平均，最多还是集中在15-29岁的女性群体，比较奇怪的是欧洲地区60岁以上的女性群体受害的人数位列第二名，其次才是0-14岁。这方面的独特性可以进一步探讨这些案件背后的主要原因。而德国、意大利、罗马地区的受害群体人数是较多的。,欧洲地区各年龄女性遭受凶杀的人数
Czechia,Europe,Eastern Europe,Female 45-59 Count,8,欧洲地区的受害女性群体的年龄分布较为平均，最多还是集中在15-29岁的女性群体，比较奇怪的是欧洲地区60岁以上的女性群体受害的人数位列第二名，其次才是0-14岁。这方面的独特性可以进一步探讨这些案件背后的主要原因。而德国、意大利、罗马地区的受害群体人数是较多的。,欧洲地区各年龄女性遭受凶杀的人数
Czechia,Europe,Eastern Europe,Female 60 or more Count,14,欧洲地区的受害女性群体的年龄分布较为平均，最多还是集中在15-29岁的女性群体，比较奇怪的是欧洲地区60岁以上的女性群体受害的人数位列第二名，其次才是0-14岁。这方面的独特性可以进一步探讨这些案件背后的主要原因。而德国、意大利、罗马地区的受害群体人数是较多的。,欧洲地区各年龄女性遭受凶杀的人数
Denmark,Europe,Northern Europe,Female 0-14 Count,3,欧洲地区的受害女性群体的年龄分布较为平均，最多还是集中在15-29岁的女性群体，比较奇怪的是欧洲地区60岁以上的女性群体受害的人数位列第二名，其次才是0-14岁。这方面的独特性可以进一步探讨这些案件背后的主要原因。而德国、意大利、罗马地区的受害群体人数是较多的。,欧洲地区各年龄女性遭受凶杀的人数
Denmark,Europe,Northern Europe,Female 15-29 Count,2,欧洲地区的受害女性群体的年龄分布较为平均，最多还是集中在15-29岁的女性群体，比较奇怪的是欧洲地区60岁以上的女性群体受害的人数位列第二名，其次才是0-14岁。这方面的独特性可以进一步探讨这些案件背后的主要原因。而德国、意大利、罗马地区的受害群体人数是较多的。,欧洲地区各年龄女性遭受凶杀的人数
Denmark,Europe,Northern Europe,Female 30-44 Count,7,欧洲地区的受害女性群体的年龄分布较为平均，最多还是集中在15-29岁的女性群体，比较奇怪的是欧洲地区60岁以上的女性群体受害的人数位列第二名，其次才是0-14岁。这方面的独特性可以进一步探讨这些案件背后的主要原因。而德国、意大利、罗马地区的受害群体人数是较多的。,欧洲地区各年龄女性遭受凶杀的人数
Denmark,Europe,Northern Europe,Female 45-59 Count,8,欧洲地区的受害女性群体的年龄分布较为平均，最多还是集中在15-29岁的女性群体，比较奇怪的是欧洲地区60岁以上的女性群体受害的人数位列第二名，其次才是0-14岁。这方面的独特性可以进一步探讨这些案件背后的主要原因。而德国、意大利、罗马地区的受害群体人数是较多的。,欧洲地区各年龄女性遭受凶杀的人数
Denmark,Europe,Northern Europe,Female 60 or more Count,2,欧洲地区的受害女性群体的年龄分布较为平均，最多还是集中在15-29岁的女性群体，比较奇怪的是欧洲地区60岁以上的女性群体受害的人数位列第二名，其次才是0-14岁。这方面的独特性可以进一步探讨这些案件背后的主要原因。而德国、意大利、罗马地区的受害群体人数是较多的。,欧洲地区各年龄女性遭受凶杀的人数
Dominican Republic,Americas,Caribbean,Female 0-14 Count,20,美洲地区的调查地区数据较完善，可以明显看到各年龄阶段的受害女性较多，主要集中在15岁到29岁的女性群体。值得注意的是1-14岁的女性群体受害人数排名第二，可见较为年幼的女性群体在社会的危险指数也较高，需要受到关注。,美洲地区各年龄层女性遭受凶杀的人数
Dominican Republic,Americas,Caribbean,Female 15-29 Count,83,美洲地区的调查地区数据较完善，可以明显看到各年龄阶段的受害女性较多，主要集中在15岁到29岁的女性群体。值得注意的是1-14岁的女性群体受害人数排名第二，可见较为年幼的女性群体在社会的危险指数也较高，需要受到关注。,美洲地区各年龄层女性遭受凶杀的人数
Dominican Republic,Americas,Caribbean,Female 60 or more Count,14,美洲地区的调查地区数据较完善，可以明显看到各年龄阶段的受害女性较多，主要集中在15岁到29岁的女性群体。值得注意的是1-14岁的女性群体受害人数排名第二，可见较为年幼的女性群体在社会的危险指数也较高，需要受到关注。,美洲地区各年龄层女性遭受凶杀的人数
Ecuador,Americas,South America,Female 0-14 Count,15,美洲地区的调查地区数据较完善，可以明显看到各年龄阶段的受害女性较多，主要集中在15岁到29岁的女性群体。值得注意的是1-14岁的女性群体受害人数排名第二，可见较为年幼的女性群体在社会的危险指数也较高，需要受到关注。,美洲地区各年龄层女性遭受凶杀的人数
Ecuador,Americas,South America,Female 15-29 Count,106,美洲地区的调查地区数据较完善，可以明显看到各年龄阶段的受害女性较多，主要集中在15岁到29岁的女性群体。值得注意的是1-14岁的女性群体受害人数排名第二，可见较为年幼的女性群体在社会的危险指数也较高，需要受到关注。,美洲地区各年龄层女性遭受凶杀的人数
Ecuador,Americas,South America,Female 45-59 Count,28,美洲地区的调查地区数据较完善，可以明显看到各年龄阶段的受害女性较多，主要集中在15岁到29岁的女性群体。值得注意的是1-14岁的女性群体受害人数排名第二，可见较为年幼的女性群体在社会的危险指数也较高，需要受到关注。,美洲地区各年龄层女性遭受凶杀的人数
El Salvador,Americas,Central America,Female 0-14 Count,33,美洲地区的调查地区数据较完善，可以明显看到各年龄阶段的受害女性较多，主要集中在15岁到29岁的女性群体。值得注意的是1-14岁的女性群体受害人数排名第二，可见较为年幼的女性群体在社会的危险指数也较高，需要受到关注。,美洲地区各年龄层女性遭受凶杀的人数
El Salvador,Americas,Central America,Female 15-29 Count,237,美洲地区的调查地区数据较完善，可以明显看到各年龄阶段的受害女性较多，主要集中在15岁到29岁的女性群体。值得注意的是1-14岁的女性群体受害人数排名第二，可见较为年幼的女性群体在社会的危险指数也较高，需要受到关注。,美洲地区各年龄层女性遭受凶杀的人数
El Salvador,Americas,Central America,Female 45-59 Count,60,美洲地区的调查地区数据较完善，可以明显看到各年龄阶段的受害女性较多，主要集中在15岁到29岁的女性群体。值得注意的是1-14岁的女性群体受害人数排名第二，可见较为年幼的女性群体在社会的危险指数也较高，需要受到关注。,美洲地区各年龄层女性遭受凶杀的人数
Estonia,Europe,Northern Europe,Female 0-14 Count,1,欧洲地区的受害女性群体的年龄分布较为平均，最多还是集中在15-29岁的女性群体，比较奇怪的是欧洲地区60岁以上的女性群体受害的人数位列第二名，其次才是0-14岁。这方面的独特性可以进一步探讨这些案件背后的主要原因。而德国、意大利、罗马地区的受害群体人数是较多的。,欧洲地区各年龄女性遭受凶杀的人数
Estonia,Europe,Northern Europe,Female 15-29 Count,1,欧洲地区的受害女性群体的年龄分布较为平均，最多还是集中在15-29岁的女性群体，比较奇怪的是欧洲地区60岁以上的女性群体受害的人数位列第二名，其次才是0-14岁。这方面的独特性可以进一步探讨这些案件背后的主要原因。而德国、意大利、罗马地区的受害群体人数是较多的。,欧洲地区各年龄女性遭受凶杀的人数
Estonia,Europe,Northern Europe,Female 30-44 Count,2,欧洲地区的受害女性群体的年龄分布较为平均，最多还是集中在15-29岁的女性群体，比较奇怪的是欧洲地区60岁以上的女性群体受害的人数位列第二名，其次才是0-14岁。这方面的独特性可以进一步探讨这些案件背后的主要原因。而德国、意大利、罗马地区的受害群体人数是较多的。,欧洲地区各年龄女性遭受凶杀的人数
Estonia,Europe,Northern Europe,Female 45-59 Count,3,欧洲地区的受害女性群体的年龄分布较为平均，最多还是集中在15-29岁的女性群体，比较奇怪的是欧洲地区60岁以上的女性群体受害的人数位列第二名，其次才是0-14岁。这方面的独特性可以进一步探讨这些案件背后的主要原因。而德国、意大利、罗马地区的受害群体人数是较多的。,欧洲地区各年龄女性遭受凶杀的人数
Estonia,Europe,Northern Europe,Female 60 or more Count,9,欧洲地区的受害女性群体的年龄分布较为平均，最多还是集中在15-29岁的女性群体，比较奇怪的是欧洲地区60岁以上的女性群体受害的人数位列第二名，其次才是0-14岁。这方面的独特性可以进一步探讨这些案件背后的主要原因。而德国、意大利、罗马地区的受害群体人数是较多的。,欧洲地区各年龄女性遭受凶杀的人数
Finland,Europe,Northern Europe,Female 0-14 Count,2,欧洲地区的受害女性群体的年龄分布较为平均，最多还是集中在15-29岁的女性群体，比较奇怪的是欧洲地区60岁以上的女性群体受害的人数位列第二名，其次才是0-14岁。这方面的独特性可以进一步探讨这些案件背后的主要原因。而德国、意大利、罗马地区的受害群体人数是较多的。,欧洲地区各年龄女性遭受凶杀的人数
Finland,Europe,Northern Europe,Female 15-29 Count,5,欧洲地区的受害女性群体的年龄分布较为平均，最多还是集中在15-29岁的女性群体，比较奇怪的是欧洲地区60岁以上的女性群体受害的人数位列第二名，其次才是0-14岁。这方面的独特性可以进一步探讨这些案件背后的主要原因。而德国、意大利、罗马地区的受害群体人数是较多的。,欧洲地区各年龄女性遭受凶杀的人数
Finland,Europe,Northern Europe,Female 30-44 Count,8,欧洲地区的受害女性群体的年龄分布较为平均，最多还是集中在15-29岁的女性群体，比较奇怪的是欧洲地区60岁以上的女性群体受害的人数位列第二名，其次才是0-14岁。这方面的独特性可以进一步探讨这些案件背后的主要原因。而德国、意大利、罗马地区的受害群体人数是较多的。,欧洲地区各年龄女性遭受凶杀的人数
Finland,Europe,Northern Europe,Female 45-59 Count,7,欧洲地区的受害女性群体的年龄分布较为平均，最多还是集中在15-29岁的女性群体，比较奇怪的是欧洲地区60岁以上的女性群体受害的人数位列第二名，其次才是0-14岁。这方面的独特性可以进一步探讨这些案件背后的主要原因。而德国、意大利、罗马地区的受害群体人数是较多的。,欧洲地区各年龄女性遭受凶杀的人数
Finland,Europe,Northern Europe,Female 60 or more Count,5,欧洲地区的受害女性群体的年龄分布较为平均，最多还是集中在15-29岁的女性群体，比较奇怪的是欧洲地区60岁以上的女性群体受害的人数位列第二名，其次才是0-14岁。这方面的独特性可以进一步探讨这些案件背后的主要原因。而德国、意大利、罗马地区的受害群体人数是较多的。,欧洲地区各年龄女性遭受凶杀的人数
Germany,Europe,Western Europe,Female 0-14 Count,39,欧洲地区的受害女性群体的年龄分布较为平均，最多还是集中在15-29岁的女性群体，比较奇怪的是欧洲地区60岁以上的女性群体受害的人数位列第二名，其次才是0-14岁。这方面的独特性可以进一步探讨这些案件背后的主要原因。而德国、意大利、罗马地区的受害群体人数是较多的。,欧洲地区各年龄女性遭受凶杀的人数
Germany,Europe,Western Europe,Female 15-29 Count,73,欧洲地区的受害女性群体的年龄分布较为平均，最多还是集中在15-29岁的女性群体，比较奇怪的是欧洲地区60岁以上的女性群体受害的人数位列第二名，其次才是0-14岁。这方面的独特性可以进一步探讨这些案件背后的主要原因。而德国、意大利、罗马地区的受害群体人数是较多的。,欧洲地区各年龄女性遭受凶杀的人数
Greece,Europe,Southern Europe,Female 0-14 Count,0,欧洲地区的受害女性群体的年龄分布较为平均，最多还是集中在15-29岁的女性群体，比较奇怪的是欧洲地区60岁以上的女性群体受害的人数位列第二名，其次才是0-14岁。这方面的独特性可以进一步探讨这些案件背后的主要原因。而德国、意大利、罗马地区的受害群体人数是较多的。,欧洲地区各年龄女性遭受凶杀的人数
Greece,Europe,Southern Europe,Female 15-29 Count,4,欧洲地区的受害女性群体的年龄分布较为平均，最多还是集中在15-29岁的女性群体，比较奇怪的是欧洲地区60岁以上的女性群体受害的人数位列第二名，其次才是0-14岁。这方面的独特性可以进一步探讨这些案件背后的主要原因。而德国、意大利、罗马地区的受害群体人数是较多的。,欧洲地区各年龄女性遭受凶杀的人数
Greece,Europe,Southern Europe,Female 30-44 Count,10,欧洲地区的受害女性群体的年龄分布较为平均，最多还是集中在15-29岁的女性群体，比较奇怪的是欧洲地区60岁以上的女性群体受害的人数位列第二名，其次才是0-14岁。这方面的独特性可以进一步探讨这些案件背后的主要原因。而德国、意大利、罗马地区的受害群体人数是较多的。,欧洲地区各年龄女性遭受凶杀的人数
Greece,Europe,Southern Europe,Female 45-59 Count,5,欧洲地区的受害女性群体的年龄分布较为平均，最多还是集中在15-29岁的女性群体，比较奇怪的是欧洲地区60岁以上的女性群体受害的人数位列第二名，其次才是0-14岁。这方面的独特性可以进一步探讨这些案件背后的主要原因。而德国、意大利、罗马地区的受害群体人数是较多的。,欧洲地区各年龄女性遭受凶杀的人数
Greece,Europe,Southern Europe,Female 60 or more Count,14,欧洲地区的受害女性群体的年龄分布较为平均，最多还是集中在15-29岁的女性群体，比较奇怪的是欧洲地区60岁以上的女性群体受害的人数位列第二名，其次才是0-14岁。这方面的独特性可以进一步探讨这些案件背后的主要原因。而德国、意大利、罗马地区的受害群体人数是较多的。,欧洲地区各年龄女性遭受凶杀的人数
Grenada,Americas,Caribbean,Female 0-14 Count,0,美洲地区的调查地区数据较完善，可以明显看到各年龄阶段的受害女性较多，主要集中在15岁到29岁的女性群体。值得注意的是1-14岁的女性群体受害人数排名第二，可见较为年幼的女性群体在社会的危险指数也较高，需要受到关注。,美洲地区各年龄层女性遭受凶杀的人数
Grenada,Americas,Caribbean,Female 15-29 Count,1,美洲地区的调查地区数据较完善，可以明显看到各年龄阶段的受害女性较多，主要集中在15岁到29岁的女性群体。值得注意的是1-14岁的女性群体受害人数排名第二，可见较为年幼的女性群体在社会的危险指数也较高，需要受到关注。,美洲地区各年龄层女性遭受凶杀的人数
Grenada,Americas,Caribbean,Female 30-44 Count,0,美洲地区的调查地区数据较完善，可以明显看到各年龄阶段的受害女性较多，主要集中在15岁到29岁的女性群体。值得注意的是1-14岁的女性群体受害人数排名第二，可见较为年幼的女性群体在社会的危险指数也较高，需要受到关注。,美洲地区各年龄层女性遭受凶杀的人数
Grenada,Americas,Caribbean,Female 45-59 Count,1,美洲地区的调查地区数据较完善，可以明显看到各年龄阶段的受害女性较多，主要集中在15岁到29岁的女性群体。值得注意的是1-14岁的女性群体受害人数排名第二，可见较为年幼的女性群体在社会的危险指数也较高，需要受到关注。,美洲地区各年龄层女性遭受凶杀的人数
Grenada,Americas,Caribbean,Female 60 or more Count,0,美洲地区的调查地区数据较完善，可以明显看到各年龄阶段的受害女性较多，主要集中在15岁到29岁的女性群体。值得注意的是1-14岁的女性群体受害人数排名第二，可见较为年幼的女性群体在社会的危险指数也较高，需要受到关注。,美洲地区各年龄层女性遭受凶杀的人数
Guatemala,Americas,Central America,Female 0-14 Count,45,美洲地区的调查地区数据较完善，可以明显看到各年龄阶段的受害女性较多，主要集中在15岁到29岁的女性群体。值得注意的是1-14岁的女性群体受害人数排名第二，可见较为年幼的女性群体在社会的危险指数也较高，需要受到关注。,美洲地区各年龄层女性遭受凶杀的人数
Guatemala,Americas,Central America,Female 15-29 Count,309,美洲地区的调查地区数据较完善，可以明显看到各年龄阶段的受害女性较多，主要集中在15岁到29岁的女性群体。值得注意的是1-14岁的女性群体受害人数排名第二，可见较为年幼的女性群体在社会的危险指数也较高，需要受到关注。,美洲地区各年龄层女性遭受凶杀的人数
Guyana,Americas,South America,Female 0-14 Count,1,美洲地区的调查地区数据较完善，可以明显看到各年龄阶段的受害女性较多，主要集中在15岁到29岁的女性群体。值得注意的是1-14岁的女性群体受害人数排名第二，可见较为年幼的女性群体在社会的危险指数也较高，需要受到关注。,美洲地区各年龄层女性遭受凶杀的人数
Guyana,Americas,South America,Female 15-29 Count,8,美洲地区的调查地区数据较完善，可以明显看到各年龄阶段的受害女性较多，主要集中在15岁到29岁的女性群体。值得注意的是1-14岁的女性群体受害人数排名第二，可见较为年幼的女性群体在社会的危险指数也较高，需要受到关注。,美洲地区各年龄层女性遭受凶杀的人数
Guyana,Americas,South America,Female 30-44 Count,12,美洲地区的调查地区数据较完善，可以明显看到各年龄阶段的受害女性较多，主要集中在15岁到29岁的女性群体。值得注意的是1-14岁的女性群体受害人数排名第二，可见较为年幼的女性群体在社会的危险指数也较高，需要受到关注。,美洲地区各年龄层女性遭受凶杀的人数
Guyana,Americas,South America,Female 45-59 Count,6,美洲地区的调查地区数据较完善，可以明显看到各年龄阶段的受害女性较多，主要集中在15岁到29岁的女性群体。值得注意的是1-14岁的女性群体受害人数排名第二，可见较为年幼的女性群体在社会的危险指数也较高，需要受到关注。,美洲地区各年龄层女性遭受凶杀的人数
Guyana,Americas,South America,Female 60 or more Count,4,美洲地区的调查地区数据较完善，可以明显看到各年龄阶段的受害女性较多，主要集中在15岁到29岁的女性群体。值得注意的是1-14岁的女性群体受害人数排名第二，可见较为年幼的女性群体在社会的危险指数也较高，需要受到关注。,美洲地区各年龄层女性遭受凶杀的人数
Holy See,Europe,Southern Europe,Female 0-14 Count,0,欧洲地区的受害女性群体的年龄分布较为平均，最多还是集中在15-29岁的女性群体，比较奇怪的是欧洲地区60岁以上的女性群体受害的人数位列第二名，其次才是0-14岁。这方面的独特性可以进一步探讨这些案件背后的主要原因。而德国、意大利、罗马地区的受害群体人数是较多的。,欧洲地区各年龄女性遭受凶杀的人数
Holy See,Europe,Southern Europe,Female 15-29 Count,0,欧洲地区的受害女性群体的年龄分布较为平均，最多还是集中在15-29岁的女性群体，比较奇怪的是欧洲地区60岁以上的女性群体受害的人数位列第二名，其次才是0-14岁。这方面的独特性可以进一步探讨这些案件背后的主要原因。而德国、意大利、罗马地区的受害群体人数是较多的。,欧洲地区各年龄女性遭受凶杀的人数
Holy See,Europe,Southern Europe,Female 30-44 Count,0,欧洲地区的受害女性群体的年龄分布较为平均，最多还是集中在15-29岁的女性群体，比较奇怪的是欧洲地区60岁以上的女性群体受害的人数位列第二名，其次才是0-14岁。这方面的独特性可以进一步探讨这些案件背后的主要原因。而德国、意大利、罗马地区的受害群体人数是较多的。,欧洲地区各年龄女性遭受凶杀的人数
Holy See,Europe,Southern Europe,Female 45-59 Count,0,欧洲地区的受害女性群体的年龄分布较为平均，最多还是集中在15-29岁的女性群体，比较奇怪的是欧洲地区60岁以上的女性群体受害的人数位列第二名，其次才是0-14岁。这方面的独特性可以进一步探讨这些案件背后的主要原因。而德国、意大利、罗马地区的受害群体人数是较多的。,欧洲地区各年龄女性遭受凶杀的人数
Holy See,Europe,Southern Europe,Female 60 or more Count,0,欧洲地区的受害女性群体的年龄分布较为平均，最多还是集中在15-29岁的女性群体，比较奇怪的是欧洲地区60岁以上的女性群体受害的人数位列第二名，其次才是0-14岁。这方面的独特性可以进一步探讨这些案件背后的主要原因。而德国、意大利、罗马地区的受害群体人数是较多的。,欧洲地区各年龄女性遭受凶杀的人数
Honduras,Americas,Central America,Female 0-14 Count,17,美洲地区的调查地区数据较完善，可以明显看到各年龄阶段的受害女性较多，主要集中在15岁到29岁的女性群体。值得注意的是1-14岁的女性群体受害人数排名第二，可见较为年幼的女性群体在社会的危险指数也较高，需要受到关注。,美洲地区各年龄层女性遭受凶杀的人数
Honduras,Americas,Central America,Female 15-29 Count,167,美洲地区的调查地区数据较完善，可以明显看到各年龄阶段的受害女性较多，主要集中在15岁到29岁的女性群体。值得注意的是1-14岁的女性群体受害人数排名第二，可见较为年幼的女性群体在社会的危险指数也较高，需要受到关注。,美洲地区各年龄层女性遭受凶杀的人数
Honduras,Americas,Central America,Female 45-59 Count,55,美洲地区的调查地区数据较完善，可以明显看到各年龄阶段的受害女性较多，主要集中在15岁到29岁的女性群体。值得注意的是1-14岁的女性群体受害人数排名第二，可见较为年幼的女性群体在社会的危险指数也较高，需要受到关注。,美洲地区各年龄层女性遭受凶杀的人数
Honduras,Americas,Central America,Female 60 or more Count,17,美洲地区的调查地区数据较完善，可以明显看到各年龄阶段的受害女性较多，主要集中在15岁到29岁的女性群体。值得注意的是1-14岁的女性群体受害人数排名第二，可见较为年幼的女性群体在社会的危险指数也较高，需要受到关注。,美洲地区各年龄层女性遭受凶杀的人数
Hungary,Europe,Eastern Europe,Female 0-14 Count,6,欧洲地区的受害女性群体的年龄分布较为平均，最多还是集中在15-29岁的女性群体，比较奇怪的是欧洲地区60岁以上的女性群体受害的人数位列第二名，其次才是0-14岁。这方面的独特性可以进一步探讨这些案件背后的主要原因。而德国、意大利、罗马地区的受害群体人数是较多的。,欧洲地区各年龄女性遭受凶杀的人数
Hungary,Europe,Eastern Europe,Female 15-29 Count,8,欧洲地区的受害女性群体的年龄分布较为平均，最多还是集中在15-29岁的女性群体，比较奇怪的是欧洲地区60岁以上的女性群体受害的人数位列第二名，其次才是0-14岁。这方面的独特性可以进一步探讨这些案件背后的主要原因。而德国、意大利、罗马地区的受害群体人数是较多的。,欧洲地区各年龄女性遭受凶杀的人数
Hungary,Europe,Eastern Europe,Female 30-44 Count,13,欧洲地区的受害女性群体的年龄分布较为平均，最多还是集中在15-29岁的女性群体，比较奇怪的是欧洲地区60岁以上的女性群体受害的人数位列第二名，其次才是0-14岁。这方面的独特性可以进一步探讨这些案件背后的主要原因。而德国、意大利、罗马地区的受害群体人数是较多的。,欧洲地区各年龄女性遭受凶杀的人数
Hungary,Europe,Eastern Europe,Female 45-59 Count,13,欧洲地区的受害女性群体的年龄分布较为平均，最多还是集中在15-29岁的女性群体，比较奇怪的是欧洲地区60岁以上的女性群体受害的人数位列第二名，其次才是0-14岁。这方面的独特性可以进一步探讨这些案件背后的主要原因。而德国、意大利、罗马地区的受害群体人数是较多的。,欧洲地区各年龄女性遭受凶杀的人数
Iceland,Europe,Northern Europe,Female 0-14 Count,0,欧洲地区的受害女性群体的年龄分布较为平均，最多还是集中在15-29岁的女性群体，比较奇怪的是欧洲地区60岁以上的女性群体受害的人数位列第二名，其次才是0-14岁。这方面的独特性可以进一步探讨这些案件背后的主要原因。而德国、意大利、罗马地区的受害群体人数是较多的。,欧洲地区各年龄女性遭受凶杀的人数
Iceland,Europe,Northern Europe,Female 15-29 Count,0,欧洲地区的受害女性群体的年龄分布较为平均，最多还是集中在15-29岁的女性群体，比较奇怪的是欧洲地区60岁以上的女性群体受害的人数位列第二名，其次才是0-14岁。这方面的独特性可以进一步探讨这些案件背后的主要原因。而德国、意大利、罗马地区的受害群体人数是较多的。,欧洲地区各年龄女性遭受凶杀的人数
Iceland,Europe,Northern Europe,Female 30-44 Count,0,欧洲地区的受害女性群体的年龄分布较为平均，最多还是集中在15-29岁的女性群体，比较奇怪的是欧洲地区60岁以上的女性群体受害的人数位列第二名，其次才是0-14岁。这方面的独特性可以进一步探讨这些案件背后的主要原因。而德国、意大利、罗马地区的受害群体人数是较多的。,欧洲地区各年龄女性遭受凶杀的人数
Iceland,Europe,Northern Europe,Female 45-59 Count,0,欧洲地区的受害女性群体的年龄分布较为平均，最多还是集中在15-29岁的女性群体，比较奇怪的是欧洲地区60岁以上的女性群体受害的人数位列第二名，其次才是0-14岁。这方面的独特性可以进一步探讨这些案件背后的主要原因。而德国、意大利、罗马地区的受害群体人数是较多的。,欧洲地区各年龄女性遭受凶杀的人数
Iceland,Europe,Northern Europe,Female 60 or more Count,0,欧洲地区的受害女性群体的年龄分布较为平均，最多还是集中在15-29岁的女性群体，比较奇怪的是欧洲地区60岁以上的女性群体受害的人数位列第二名，其次才是0-14岁。这方面的独特性可以进一步探讨这些案件背后的主要原因。而德国、意大利、罗马地区的受害群体人数是较多的。,欧洲地区各年龄女性遭受凶杀的人数
Israel,Asia,Western Asia,Female 0-14 Count,5,亚洲收集了40多个地区的数据，可以看到受害人群同样是较多集中在15-29岁，其次则是0-14岁的女性。与美洲地区的分布比例相似，在下面的细则数据表中可以发现，数量较多的国家有菲律宾和泰国，分布有接近400人和200人的受害人数，与其他国家差距较大。,亚洲地区各年龄女性遭受凶杀的人数
Israel,Asia,Western Asia,Female 15-29 Count,6,亚洲收集了40多个地区的数据，可以看到受害人群同样是较多集中在15-29岁，其次则是0-14岁的女性。与美洲地区的分布比例相似，在下面的细则数据表中可以发现，数量较多的国家有菲律宾和泰国，分布有接近400人和200人的受害人数，与其他国家差距较大。,亚洲地区各年龄女性遭受凶杀的人数
Israel,Asia,Western Asia,Female 30-44 Count,11,亚洲收集了40多个地区的数据，可以看到受害人群同样是较多集中在15-29岁，其次则是0-14岁的女性。与美洲地区的分布比例相似，在下面的细则数据表中可以发现，数量较多的国家有菲律宾和泰国，分布有接近400人和200人的受害人数，与其他国家差距较大。,亚洲地区各年龄女性遭受凶杀的人数
Israel,Asia,Western Asia,Female 45-59 Count,5,亚洲收集了40多个地区的数据，可以看到受害人群同样是较多集中在15-29岁，其次则是0-14岁的女性。与美洲地区的分布比例相似，在下面的细则数据表中可以发现，数量较多的国家有菲律宾和泰国，分布有接近400人和200人的受害人数，与其他国家差距较大。,亚洲地区各年龄女性遭受凶杀的人数
Israel,Asia,Western Asia,Female 60 or more Count,6,亚洲收集了40多个地区的数据，可以看到受害人群同样是较多集中在15-29岁，其次则是0-14岁的女性。与美洲地区的分布比例相似，在下面的细则数据表中可以发现，数量较多的国家有菲律宾和泰国，分布有接近400人和200人的受害人数，与其他国家差距较大。,亚洲地区各年龄女性遭受凶杀的人数
Italy,Europe,Southern Europe,Female 0-14 Count,6,欧洲地区的受害女性群体的年龄分布较为平均，最多还是集中在15-29岁的女性群体，比较奇怪的是欧洲地区60岁以上的女性群体受害的人数位列第二名，其次才是0-14岁。这方面的独特性可以进一步探讨这些案件背后的主要原因。而德国、意大利、罗马地区的受害群体人数是较多的。,欧洲地区各年龄女性遭受凶杀的人数
Italy,Europe,Southern Europe,Female 15-29 Count,20,欧洲地区的受害女性群体的年龄分布较为平均，最多还是集中在15-29岁的女性群体，比较奇怪的是欧洲地区60岁以上的女性群体受害的人数位列第二名，其次才是0-14岁。这方面的独特性可以进一步探讨这些案件背后的主要原因。而德国、意大利、罗马地区的受害群体人数是较多的。,欧洲地区各年龄女性遭受凶杀的人数
Italy,Europe,Southern Europe,Female 30-44 Count,41,欧洲地区的受害女性群体的年龄分布较为平均，最多还是集中在15-29岁的女性群体，比较奇怪的是欧洲地区60岁以上的女性群体受害的人数位列第二名，其次才是0-14岁。这方面的独特性可以进一步探讨这些案件背后的主要原因。而德国、意大利、罗马地区的受害群体人数是较多的。,欧洲地区各年龄女性遭受凶杀的人数
Italy,Europe,Southern Europe,Female 60 or more Count,50,欧洲地区的受害女性群体的年龄分布较为平均，最多还是集中在15-29岁的女性群体，比较奇怪的是欧洲地区60岁以上的女性群体受害的人数位列第二名，其次才是0-14岁。这方面的独特性可以进一步探讨这些案件背后的主要原因。而德国、意大利、罗马地区的受害群体人数是较多的。,欧洲地区各年龄女性遭受凶杀的人数
Jamaica,Americas,Caribbean,Female 0-14 Count,5,美洲地区的调查地区数据较完善，可以明显看到各年龄阶段的受害女性较多，主要集中在15岁到29岁的女性群体。值得注意的是1-14岁的女性群体受害人数排名第二，可见较为年幼的女性群体在社会的危险指数也较高，需要受到关注。,美洲地区各年龄层女性遭受凶杀的人数
Jamaica,Americas,Caribbean,Female 15-29 Count,55,美洲地区的调查地区数据较完善，可以明显看到各年龄阶段的受害女性较多，主要集中在15岁到29岁的女性群体。值得注意的是1-14岁的女性群体受害人数排名第二，可见较为年幼的女性群体在社会的危险指数也较高，需要受到关注。,美洲地区各年龄层女性遭受凶杀的人数
Jamaica,Americas,Caribbean,Female 30-44 Count,50,美洲地区的调查地区数据较完善，可以明显看到各年龄阶段的受害女性较多，主要集中在15岁到29岁的女性群体。值得注意的是1-14岁的女性群体受害人数排名第二，可见较为年幼的女性群体在社会的危险指数也较高，需要受到关注。,美洲地区各年龄层女性遭受凶杀的人数
Jamaica,Americas,Caribbean,Female 45-59 Count,27,美洲地区的调查地区数据较完善，可以明显看到各年龄阶段的受害女性较多，主要集中在15岁到29岁的女性群体。值得注意的是1-14岁的女性群体受害人数排名第二，可见较为年幼的女性群体在社会的危险指数也较高，需要受到关注。,美洲地区各年龄层女性遭受凶杀的人数
Jamaica,Americas,Caribbean,Female 60 or more Count,8,美洲地区的调查地区数据较完善，可以明显看到各年龄阶段的受害女性较多，主要集中在15岁到29岁的女性群体。值得注意的是1-14岁的女性群体受害人数排名第二，可见较为年幼的女性群体在社会的危险指数也较高，需要受到关注。,美洲地区各年龄层女性遭受凶杀的人数
Japan,Asia,Eastern Asia,Female 0-14 Count,34,亚洲收集了40多个地区的数据，可以看到受害人群同样是较多集中在15-29岁，其次则是0-14岁的女性。与美洲地区的分布比例相似，在下面的细则数据表中可以发现，数量较多的国家有菲律宾和泰国，分布有接近400人和200人的受害人数，与其他国家差距较大。,亚洲地区各年龄女性遭受凶杀的人数
Japan,Asia,Eastern Asia,Female 15-29 Count,19,亚洲收集了40多个地区的数据，可以看到受害人群同样是较多集中在15-29岁，其次则是0-14岁的女性。与美洲地区的分布比例相似，在下面的细则数据表中可以发现，数量较多的国家有菲律宾和泰国，分布有接近400人和200人的受害人数，与其他国家差距较大。,亚洲地区各年龄女性遭受凶杀的人数
Japan,Asia,Eastern Asia,Female 30-44 Count,28,亚洲收集了40多个地区的数据，可以看到受害人群同样是较多集中在15-29岁，其次则是0-14岁的女性。与美洲地区的分布比例相似，在下面的细则数据表中可以发现，数量较多的国家有菲律宾和泰国，分布有接近400人和200人的受害人数，与其他国家差距较大。,亚洲地区各年龄女性遭受凶杀的人数
Japan,Asia,Eastern Asia,Female 45-59 Count,27,亚洲收集了40多个地区的数据，可以看到受害人群同样是较多集中在15-29岁，其次则是0-14岁的女性。与美洲地区的分布比例相似，在下面的细则数据表中可以发现，数量较多的国家有菲律宾和泰国，分布有接近400人和200人的受害人数，与其他国家差距较大。,亚洲地区各年龄女性遭受凶杀的人数
Liechtenstein,Europe,Western Europe,Female 0-14 Count,0,欧洲地区的受害女性群体的年龄分布较为平均，最多还是集中在15-29岁的女性群体，比较奇怪的是欧洲地区60岁以上的女性群体受害的人数位列第二名，其次才是0-14岁。这方面的独特性可以进一步探讨这些案件背后的主要原因。而德国、意大利、罗马地区的受害群体人数是较多的。,欧洲地区各年龄女性遭受凶杀的人数
Liechtenstein,Europe,Western Europe,Female 15-29 Count,0,欧洲地区的受害女性群体的年龄分布较为平均，最多还是集中在15-29岁的女性群体，比较奇怪的是欧洲地区60岁以上的女性群体受害的人数位列第二名，其次才是0-14岁。这方面的独特性可以进一步探讨这些案件背后的主要原因。而德国、意大利、罗马地区的受害群体人数是较多的。,欧洲地区各年龄女性遭受凶杀的人数
Liechtenstein,Europe,Western Europe,Female 30-44 Count,0,欧洲地区的受害女性群体的年龄分布较为平均，最多还是集中在15-29岁的女性群体，比较奇怪的是欧洲地区60岁以上的女性群体受害的人数位列第二名，其次才是0-14岁。这方面的独特性可以进一步探讨这些案件背后的主要原因。而德国、意大利、罗马地区的受害群体人数是较多的。,欧洲地区各年龄女性遭受凶杀的人数
Liechtenstein,Europe,Western Europe,Female 45-59 Count,0,欧洲地区的受害女性群体的年龄分布较为平均，最多还是集中在15-29岁的女性群体，比较奇怪的是欧洲地区60岁以上的女性群体受害的人数位列第二名，其次才是0-14岁。这方面的独特性可以进一步探讨这些案件背后的主要原因。而德国、意大利、罗马地区的受害群体人数是较多的。,欧洲地区各年龄女性遭受凶杀的人数
Liechtenstein,Europe,Western Europe,Female 60 or more Count,0,欧洲地区的受害女性群体的年龄分布较为平均，最多还是集中在15-29岁的女性群体，比较奇怪的是欧洲地区60岁以上的女性群体受害的人数位列第二名，其次才是0-14岁。这方面的独特性可以进一步探讨这些案件背后的主要原因。而德国、意大利、罗马地区的受害群体人数是较多的。,欧洲地区各年龄女性遭受凶杀的人数
Luxembourg,Europe,Western Europe,Female 0-14 Count,0,欧洲地区的受害女性群体的年龄分布较为平均，最多还是集中在15-29岁的女性群体，比较奇怪的是欧洲地区60岁以上的女性群体受害的人数位列第二名，其次才是0-14岁。这方面的独特性可以进一步探讨这些案件背后的主要原因。而德国、意大利、罗马地区的受害群体人数是较多的。,欧洲地区各年龄女性遭受凶杀的人数
Luxembourg,Europe,Western Europe,Female 15-29 Count,2,欧洲地区的受害女性群体的年龄分布较为平均，最多还是集中在15-29岁的女性群体，比较奇怪的是欧洲地区60岁以上的女性群体受害的人数位列第二名，其次才是0-14岁。这方面的独特性可以进一步探讨这些案件背后的主要原因。而德国、意大利、罗马地区的受害群体人数是较多的。,欧洲地区各年龄女性遭受凶杀的人数
Luxembourg,Europe,Western Europe,Female 30-44 Count,3,欧洲地区的受害女性群体的年龄分布较为平均，最多还是集中在15-29岁的女性群体，比较奇怪的是欧洲地区60岁以上的女性群体受害的人数位列第二名，其次才是0-14岁。这方面的独特性可以进一步探讨这些案件背后的主要原因。而德国、意大利、罗马地区的受害群体人数是较多的。,欧洲地区各年龄女性遭受凶杀的人数
Luxembourg,Europe,Western Europe,Female 45-59 Count,0,欧洲地区的受害女性群体的年龄分布较为平均，最多还是集中在15-29岁的女性群体，比较奇怪的是欧洲地区60岁以上的女性群体受害的人数位列第二名，其次才是0-14岁。这方面的独特性可以进一步探讨这些案件背后的主要原因。而德国、意大利、罗马地区的受害群体人数是较多的。,欧洲地区各年龄女性遭受凶杀的人数
Luxembourg,Europe,Western Europe,Female 60 or more Count,0,欧洲地区的受害女性群体的年龄分布较为平均，最多还是集中在15-29岁的女性群体，比较奇怪的是欧洲地区60岁以上的女性群体受害的人数位列第二名，其次才是0-14岁。这方面的独特性可以进一步探讨这些案件背后的主要原因。而德国、意大利、罗马地区的受害群体人数是较多的。,欧洲地区各年龄女性遭受凶杀的人数
Malta,Europe,Southern Europe,Female 0-14 Count,0,欧洲地区的受害女性群体的年龄分布较为平均，最多还是集中在15-29岁的女性群体，比较奇怪的是欧洲地区60岁以上的女性群体受害的人数位列第二名，其次才是0-14岁。这方面的独特性可以进一步探讨这些案件背后的主要原因。而德国、意大利、罗马地区的受害群体人数是较多的。,欧洲地区各年龄女性遭受凶杀的人数
Malta,Europe,Southern Europe,Female 15-29 Count,0,欧洲地区的受害女性群体的年龄分布较为平均，最多还是集中在15-29岁的女性群体，比较奇怪的是欧洲地区60岁以上的女性群体受害的人数位列第二名，其次才是0-14岁。这方面的独特性可以进一步探讨这些案件背后的主要原因。而德国、意大利、罗马地区的受害群体人数是较多的。,欧洲地区各年龄女性遭受凶杀的人数
Malta,Europe,Southern Europe,Female 30-44 Count,1,欧洲地区的受害女性群体的年龄分布较为平均，最多还是集中在15-29岁的女性群体，比较奇怪的是欧洲地区60岁以上的女性群体受害的人数位列第二名，其次才是0-14岁。这方面的独特性可以进一步探讨这些案件背后的主要原因。而德国、意大利、罗马地区的受害群体人数是较多的。,欧洲地区各年龄女性遭受凶杀的人数
Malta,Europe,Southern Europe,Female 45-59 Count,0,欧洲地区的受害女性群体的年龄分布较为平均，最多还是集中在15-29岁的女性群体，比较奇怪的是欧洲地区60岁以上的女性群体受害的人数位列第二名，其次才是0-14岁。这方面的独特性可以进一步探讨这些案件背后的主要原因。而德国、意大利、罗马地区的受害群体人数是较多的。,欧洲地区各年龄女性遭受凶杀的人数
Malta,Europe,Southern Europe,Female 60 or more Count,0,欧洲地区的受害女性群体的年龄分布较为平均，最多还是集中在15-29岁的女性群体，比较奇怪的是欧洲地区60岁以上的女性群体受害的人数位列第二名，其次才是0-14岁。这方面的独特性可以进一步探讨这些案件背后的主要原因。而德国、意大利、罗马地区的受害群体人数是较多的。,欧洲地区各年龄女性遭受凶杀的人数
Mauritius,Africa,Eastern Africa,Female 0-14 Count,1,非洲地区的调查范围较小，因此数据的可借鉴性较低，受害女性在30-44这个范围较多一些。,非洲地区各年龄女性遭受凶杀的人数
Mauritius,Africa,Eastern Africa,Female 15-29 Count,1,非洲地区的调查范围较小，因此数据的可借鉴性较低，受害女性在30-44这个范围较多一些。,非洲地区各年龄女性遭受凶杀的人数
Mauritius,Africa,Eastern Africa,Female 30-44 Count,3,非洲地区的调查范围较小，因此数据的可借鉴性较低，受害女性在30-44这个范围较多一些。,非洲地区各年龄女性遭受凶杀的人数
Mauritius,Africa,Eastern Africa,Female 45-59 Count,2,非洲地区的调查范围较小，因此数据的可借鉴性较低，受害女性在30-44这个范围较多一些。,非洲地区各年龄女性遭受凶杀的人数
Mauritius,Africa,Eastern Africa,Female 60 or more Count,1,非洲地区的调查范围较小，因此数据的可借鉴性较低，受害女性在30-44这个范围较多一些。,非洲地区各年龄女性遭受凶杀的人数
Mexico,Americas,Central America,Female 0-14 Count,181,美洲地区的调查地区数据较完善，可以明显看到各年龄阶段的受害女性较多，主要集中在15岁到29岁的女性群体。值得注意的是1-14岁的女性群体受害人数排名第二，可见较为年幼的女性群体在社会的危险指数也较高，需要受到关注。,美洲地区各年龄层女性遭受凶杀的人数
Mexico,Americas,Central America,Female 15-29 Count,975,美洲地区的调查地区数据较完善，可以明显看到各年龄阶段的受害女性较多，主要集中在15岁到29岁的女性群体。值得注意的是1-14岁的女性群体受害人数排名第二，可见较为年幼的女性群体在社会的危险指数也较高，需要受到关注。,美洲地区各年龄层女性遭受凶杀的人数
Mongolia,Asia,Eastern Asia,Female 0-14 Count,2,亚洲收集了40多个地区的数据，可以看到受害人群同样是较多集中在15-29岁，其次则是0-14岁的女性。与美洲地区的分布比例相似，在下面的细则数据表中可以发现，数量较多的国家有菲律宾和泰国，分布有接近400人和200人的受害人数，与其他国家差距较大。,亚洲地区各年龄女性遭受凶杀的人数
Mongolia,Asia,Eastern Asia,Female 15-29 Count,24,亚洲收集了40多个地区的数据，可以看到受害人群同样是较多集中在15-29岁，其次则是0-14岁的女性。与美洲地区的分布比例相似，在下面的细则数据表中可以发现，数量较多的国家有菲律宾和泰国，分布有接近400人和200人的受害人数，与其他国家差距较大。,亚洲地区各年龄女性遭受凶杀的人数
Mongolia,Asia,Eastern Asia,Female 45-59 Count,14,亚洲收集了40多个地区的数据，可以看到受害人群同样是较多集中在15-29岁，其次则是0-14岁的女性。与美洲地区的分布比例相似，在下面的细则数据表中可以发现，数量较多的国家有菲律宾和泰国，分布有接近400人和200人的受害人数，与其他国家差距较大。,亚洲地区各年龄女性遭受凶杀的人数
Mongolia,Asia,Eastern Asia,Female 60 or more Count,3,亚洲收集了40多个地区的数据，可以看到受害人群同样是较多集中在15-29岁，其次则是0-14岁的女性。与美洲地区的分布比例相似，在下面的细则数据表中可以发现，数量较多的国家有菲律宾和泰国，分布有接近400人和200人的受害人数，与其他国家差距较大。,亚洲地区各年龄女性遭受凶杀的人数
Montenegro,Europe,Southern Europe,Female 0-14 Count,0,欧洲地区的受害女性群体的年龄分布较为平均，最多还是集中在15-29岁的女性群体，比较奇怪的是欧洲地区60岁以上的女性群体受害的人数位列第二名，其次才是0-14岁。这方面的独特性可以进一步探讨这些案件背后的主要原因。而德国、意大利、罗马地区的受害群体人数是较多的。,欧洲地区各年龄女性遭受凶杀的人数
Montenegro,Europe,Southern Europe,Female 15-29 Count,0,欧洲地区的受害女性群体的年龄分布较为平均，最多还是集中在15-29岁的女性群体，比较奇怪的是欧洲地区60岁以上的女性群体受害的人数位列第二名，其次才是0-14岁。这方面的独特性可以进一步探讨这些案件背后的主要原因。而德国、意大利、罗马地区的受害群体人数是较多的。,欧洲地区各年龄女性遭受凶杀的人数
Montenegro,Europe,Southern Europe,Female 30-44 Count,2,欧洲地区的受害女性群体的年龄分布较为平均，最多还是集中在15-29岁的女性群体，比较奇怪的是欧洲地区60岁以上的女性群体受害的人数位列第二名，其次才是0-14岁。这方面的独特性可以进一步探讨这些案件背后的主要原因。而德国、意大利、罗马地区的受害群体人数是较多的。,欧洲地区各年龄女性遭受凶杀的人数
Montenegro,Europe,Southern Europe,Female 45-59 Count,3,欧洲地区的受害女性群体的年龄分布较为平均，最多还是集中在15-29岁的女性群体，比较奇怪的是欧洲地区60岁以上的女性群体受害的人数位列第二名，其次才是0-14岁。这方面的独特性可以进一步探讨这些案件背后的主要原因。而德国、意大利、罗马地区的受害群体人数是较多的。,欧洲地区各年龄女性遭受凶杀的人数
Montenegro,Europe,Southern Europe,Female 60 or more Count,2,欧洲地区的受害女性群体的年龄分布较为平均，最多还是集中在15-29岁的女性群体，比较奇怪的是欧洲地区60岁以上的女性群体受害的人数位列第二名，其次才是0-14岁。这方面的独特性可以进一步探讨这些案件背后的主要原因。而德国、意大利、罗马地区的受害群体人数是较多的。,欧洲地区各年龄女性遭受凶杀的人数
Netherlands,Europe,Western Europe,Female 0-14 Count,6,欧洲地区的受害女性群体的年龄分布较为平均，最多还是集中在15-29岁的女性群体，比较奇怪的是欧洲地区60岁以上的女性群体受害的人数位列第二名，其次才是0-14岁。这方面的独特性可以进一步探讨这些案件背后的主要原因。而德国、意大利、罗马地区的受害群体人数是较多的。,欧洲地区各年龄女性遭受凶杀的人数
Netherlands,Europe,Western Europe,Female 15-29 Count,6,欧洲地区的受害女性群体的年龄分布较为平均，最多还是集中在15-29岁的女性群体，比较奇怪的是欧洲地区60岁以上的女性群体受害的人数位列第二名，其次才是0-14岁。这方面的独特性可以进一步探讨这些案件背后的主要原因。而德国、意大利、罗马地区的受害群体人数是较多的。,欧洲地区各年龄女性遭受凶杀的人数
Netherlands,Europe,Western Europe,Female 30-44 Count,19,欧洲地区的受害女性群体的年龄分布较为平均，最多还是集中在15-29岁的女性群体，比较奇怪的是欧洲地区60岁以上的女性群体受害的人数位列第二名，其次才是0-14岁。这方面的独特性可以进一步探讨这些案件背后的主要原因。而德国、意大利、罗马地区的受害群体人数是较多的。,欧洲地区各年龄女性遭受凶杀的人数
Netherlands,Europe,Western Europe,Female 45-59 Count,9,欧洲地区的受害女性群体的年龄分布较为平均，最多还是集中在15-29岁的女性群体，比较奇怪的是欧洲地区60岁以上的女性群体受害的人数位列第二名，其次才是0-14岁。这方面的独特性可以进一步探讨这些案件背后的主要原因。而德国、意大利、罗马地区的受害群体人数是较多的。,欧洲地区各年龄女性遭受凶杀的人数
Netherlands,Europe,Western Europe,Female 60 or more Count,14,欧洲地区的受害女性群体的年龄分布较为平均，最多还是集中在15-29岁的女性群体，比较奇怪的是欧洲地区60岁以上的女性群体受害的人数位列第二名，其次才是0-14岁。这方面的独特性可以进一步探讨这些案件背后的主要原因。而德国、意大利、罗马地区的受害群体人数是较多的。,欧洲地区各年龄女性遭受凶杀的人数
New Zealand,Oceania,Australia and New Zealand,Female 0-14 Count,2,大洋洲地区只调查了澳大利亚与新西兰两个国家，澳大利亚的受害人数高于新西兰，受害的女性群体主要集中在30-44岁和45-59岁，年龄较小和较为年老的女性的危险系数较低。,大洋洲地区各年龄女性遭受凶杀的人数
New Zealand,Oceania,Australia and New Zealand,Female 15-29 Count,5,大洋洲地区只调查了澳大利亚与新西兰两个国家，澳大利亚的受害人数高于新西兰，受害的女性群体主要集中在30-44岁和45-59岁，年龄较小和较为年老的女性的危险系数较低。,大洋洲地区各年龄女性遭受凶杀的人数
New Zealand,Oceania,Australia and New Zealand,Female 30-44 Count,5,大洋洲地区只调查了澳大利亚与新西兰两个国家，澳大利亚的受害人数高于新西兰，受害的女性群体主要集中在30-44岁和45-59岁，年龄较小和较为年老的女性的危险系数较低。,大洋洲地区各年龄女性遭受凶杀的人数
New Zealand,Oceania,Australia and New Zealand,Female 45-59 Count,8,大洋洲地区只调查了澳大利亚与新西兰两个国家，澳大利亚的受害人数高于新西兰，受害的女性群体主要集中在30-44岁和45-59岁，年龄较小和较为年老的女性的危险系数较低。,大洋洲地区各年龄女性遭受凶杀的人数
New Zealand,Oceania,Australia and New Zealand,Female 60 or more Count,2,大洋洲地区只调查了澳大利亚与新西兰两个国家，澳大利亚的受害人数高于新西兰，受害的女性群体主要集中在30-44岁和45-59岁，年龄较小和较为年老的女性的危险系数较低。,大洋洲地区各年龄女性遭受凶杀的人数
Norway,Europe,Northern Europe,Female 0-14 Count,3,欧洲地区的受害女性群体的年龄分布较为平均，最多还是集中在15-29岁的女性群体，比较奇怪的是欧洲地区60岁以上的女性群体受害的人数位列第二名，其次才是0-14岁。这方面的独特性可以进一步探讨这些案件背后的主要原因。而德国、意大利、罗马地区的受害群体人数是较多的。,欧洲地区各年龄女性遭受凶杀的人数
Norway,Europe,Northern Europe,Female 15-29 Count,6,欧洲地区的受害女性群体的年龄分布较为平均，最多还是集中在15-29岁的女性群体，比较奇怪的是欧洲地区60岁以上的女性群体受害的人数位列第二名，其次才是0-14岁。这方面的独特性可以进一步探讨这些案件背后的主要原因。而德国、意大利、罗马地区的受害群体人数是较多的。,欧洲地区各年龄女性遭受凶杀的人数
Norway,Europe,Northern Europe,Female 30-44 Count,4,欧洲地区的受害女性群体的年龄分布较为平均，最多还是集中在15-29岁的女性群体，比较奇怪的是欧洲地区60岁以上的女性群体受害的人数位列第二名，其次才是0-14岁。这方面的独特性可以进一步探讨这些案件背后的主要原因。而德国、意大利、罗马地区的受害群体人数是较多的。,欧洲地区各年龄女性遭受凶杀的人数
Norway,Europe,Northern Europe,Female 45-59 Count,1,欧洲地区的受害女性群体的年龄分布较为平均，最多还是集中在15-29岁的女性群体，比较奇怪的是欧洲地区60岁以上的女性群体受害的人数位列第二名，其次才是0-14岁。这方面的独特性可以进一步探讨这些案件背后的主要原因。而德国、意大利、罗马地区的受害群体人数是较多的。,欧洲地区各年龄女性遭受凶杀的人数
Norway,Europe,Northern Europe,Female 60 or more Count,1,欧洲地区的受害女性群体的年龄分布较为平均，最多还是集中在15-29岁的女性群体，比较奇怪的是欧洲地区60岁以上的女性群体受害的人数位列第二名，其次才是0-14岁。这方面的独特性可以进一步探讨这些案件背后的主要原因。而德国、意大利、罗马地区的受害群体人数是较多的。,欧洲地区各年龄女性遭受凶杀的人数
Panama,Americas,Central America,Female 0-14 Count,2,美洲地区的调查地区数据较完善，可以明显看到各年龄阶段的受害女性较多，主要集中在15岁到29岁的女性群体。值得注意的是1-14岁的女性群体受害人数排名第二，可见较为年幼的女性群体在社会的危险指数也较高，需要受到关注。,美洲地区各年龄层女性遭受凶杀的人数
Panama,Americas,Central America,Female 15-29 Count,14,美洲地区的调查地区数据较完善，可以明显看到各年龄阶段的受害女性较多，主要集中在15岁到29岁的女性群体。值得注意的是1-14岁的女性群体受害人数排名第二，可见较为年幼的女性群体在社会的危险指数也较高，需要受到关注。,美洲地区各年龄层女性遭受凶杀的人数
Panama,Americas,Central America,Female 30-44 Count,7,美洲地区的调查地区数据较完善，可以明显看到各年龄阶段的受害女性较多，主要集中在15岁到29岁的女性群体。值得注意的是1-14岁的女性群体受害人数排名第二，可见较为年幼的女性群体在社会的危险指数也较高，需要受到关注。,美洲地区各年龄层女性遭受凶杀的人数
Panama,Americas,Central America,Female 45-59 Count,5,美洲地区的调查地区数据较完善，可以明显看到各年龄阶段的受害女性较多，主要集中在15岁到29岁的女性群体。值得注意的是1-14岁的女性群体受害人数排名第二，可见较为年幼的女性群体在社会的危险指数也较高，需要受到关注。,美洲地区各年龄层女性遭受凶杀的人数
Panama,Americas,Central America,Female 60 or more Count,4,美洲地区的调查地区数据较完善，可以明显看到各年龄阶段的受害女性较多，主要集中在15岁到29岁的女性群体。值得注意的是1-14岁的女性群体受害人数排名第二，可见较为年幼的女性群体在社会的危险指数也较高，需要受到关注。,美洲地区各年龄层女性遭受凶杀的人数
Paraguay,Americas,South America,Female 0-14 Count,6,美洲地区的调查地区数据较完善，可以明显看到各年龄阶段的受害女性较多，主要集中在15岁到29岁的女性群体。值得注意的是1-14岁的女性群体受害人数排名第二，可见较为年幼的女性群体在社会的危险指数也较高，需要受到关注。,美洲地区各年龄层女性遭受凶杀的人数
Paraguay,Americas,South America,Female 15-29 Count,32,美洲地区的调查地区数据较完善，可以明显看到各年龄阶段的受害女性较多，主要集中在15岁到29岁的女性群体。值得注意的是1-14岁的女性群体受害人数排名第二，可见较为年幼的女性群体在社会的危险指数也较高，需要受到关注。,美洲地区各年龄层女性遭受凶杀的人数
Paraguay,Americas,South America,Female 30-44 Count,11,美洲地区的调查地区数据较完善，可以明显看到各年龄阶段的受害女性较多，主要集中在15岁到29岁的女性群体。值得注意的是1-14岁的女性群体受害人数排名第二，可见较为年幼的女性群体在社会的危险指数也较高，需要受到关注。,美洲地区各年龄层女性遭受凶杀的人数
Paraguay,Americas,South America,Female 45-59 Count,13,美洲地区的调查地区数据较完善，可以明显看到各年龄阶段的受害女性较多，主要集中在15岁到29岁的女性群体。值得注意的是1-14岁的女性群体受害人数排名第二，可见较为年幼的女性群体在社会的危险指数也较高，需要受到关注。,美洲地区各年龄层女性遭受凶杀的人数
Paraguay,Americas,South America,Female 60 or more Count,11,美洲地区的调查地区数据较完善，可以明显看到各年龄阶段的受害女性较多，主要集中在15岁到29岁的女性群体。值得注意的是1-14岁的女性群体受害人数排名第二，可见较为年幼的女性群体在社会的危险指数也较高，需要受到关注。,美洲地区各年龄层女性遭受凶杀的人数
Philippines,Asia,South-Eastern Asia,Female 0-14 Count,84,亚洲收集了40多个地区的数据，可以看到受害人群同样是较多集中在15-29岁，其次则是0-14岁的女性。与美洲地区的分布比例相似，在下面的细则数据表中可以发现，数量较多的国家有菲律宾和泰国，分布有接近400人和200人的受害人数，与其他国家差距较大。,亚洲地区各年龄女性遭受凶杀的人数
Philippines,Asia,South-Eastern Asia,Female 15-29 Count,304,亚洲收集了40多个地区的数据，可以看到受害人群同样是较多集中在15-29岁，其次则是0-14岁的女性。与美洲地区的分布比例相似，在下面的细则数据表中可以发现，数量较多的国家有菲律宾和泰国，分布有接近400人和200人的受害人数，与其他国家差距较大。,亚洲地区各年龄女性遭受凶杀的人数
Poland,Europe,Eastern Europe,Female 0-14 Count,11,欧洲地区的受害女性群体的年龄分布较为平均，最多还是集中在15-29岁的女性群体，比较奇怪的是欧洲地区60岁以上的女性群体受害的人数位列第二名，其次才是0-14岁。这方面的独特性可以进一步探讨这些案件背后的主要原因。而德国、意大利、罗马地区的受害群体人数是较多的。,欧洲地区各年龄女性遭受凶杀的人数
Poland,Europe,Eastern Europe,Female 15-29 Count,15,欧洲地区的受害女性群体的年龄分布较为平均，最多还是集中在15-29岁的女性群体，比较奇怪的是欧洲地区60岁以上的女性群体受害的人数位列第二名，其次才是0-14岁。这方面的独特性可以进一步探讨这些案件背后的主要原因。而德国、意大利、罗马地区的受害群体人数是较多的。,欧洲地区各年龄女性遭受凶杀的人数
Poland,Europe,Eastern Europe,Female 30-44 Count,31,欧洲地区的受害女性群体的年龄分布较为平均，最多还是集中在15-29岁的女性群体，比较奇怪的是欧洲地区60岁以上的女性群体受害的人数位列第二名，其次才是0-14岁。这方面的独特性可以进一步探讨这些案件背后的主要原因。而德国、意大利、罗马地区的受害群体人数是较多的。,欧洲地区各年龄女性遭受凶杀的人数
Poland,Europe,Eastern Europe,Female 45-59 Count,19,欧洲地区的受害女性群体的年龄分布较为平均，最多还是集中在15-29岁的女性群体，比较奇怪的是欧洲地区60岁以上的女性群体受害的人数位列第二名，其次才是0-14岁。这方面的独特性可以进一步探讨这些案件背后的主要原因。而德国、意大利、罗马地区的受害群体人数是较多的。,欧洲地区各年龄女性遭受凶杀的人数
Poland,Europe,Eastern Europe,Female 60 or more Count,42,欧洲地区的受害女性群体的年龄分布较为平均，最多还是集中在15-29岁的女性群体，比较奇怪的是欧洲地区60岁以上的女性群体受害的人数位列第二名，其次才是0-14岁。这方面的独特性可以进一步探讨这些案件背后的主要原因。而德国、意大利、罗马地区的受害群体人数是较多的。,欧洲地区各年龄女性遭受凶杀的人数
Portugal,Europe,Southern Europe,Female 0-14 Count,0,欧洲地区的受害女性群体的年龄分布较为平均，最多还是集中在15-29岁的女性群体，比较奇怪的是欧洲地区60岁以上的女性群体受害的人数位列第二名，其次才是0-14岁。这方面的独特性可以进一步探讨这些案件背后的主要原因。而德国、意大利、罗马地区的受害群体人数是较多的。,欧洲地区各年龄女性遭受凶杀的人数
Portugal,Europe,Southern Europe,Female 15-29 Count,7,欧洲地区的受害女性群体的年龄分布较为平均，最多还是集中在15-29岁的女性群体，比较奇怪的是欧洲地区60岁以上的女性群体受害的人数位列第二名，其次才是0-14岁。这方面的独特性可以进一步探讨这些案件背后的主要原因。而德国、意大利、罗马地区的受害群体人数是较多的。,欧洲地区各年龄女性遭受凶杀的人数
Portugal,Europe,Southern Europe,Female 45-59 Count,11,欧洲地区的受害女性群体的年龄分布较为平均，最多还是集中在15-29岁的女性群体，比较奇怪的是欧洲地区60岁以上的女性群体受害的人数位列第二名，其次才是0-14岁。这方面的独特性可以进一步探讨这些案件背后的主要原因。而德国、意大利、罗马地区的受害群体人数是较多的。,欧洲地区各年龄女性遭受凶杀的人数
Portugal,Europe,Southern Europe,Female 60 or more Count,6,欧洲地区的受害女性群体的年龄分布较为平均，最多还是集中在15-29岁的女性群体，比较奇怪的是欧洲地区60岁以上的女性群体受害的人数位列第二名，其次才是0-14岁。这方面的独特性可以进一步探讨这些案件背后的主要原因。而德国、意大利、罗马地区的受害群体人数是较多的。,欧洲地区各年龄女性遭受凶杀的人数
Puerto Rico,Americas,Caribbean,Female 0-14 Count,2,美洲地区的调查地区数据较完善，可以明显看到各年龄阶段的受害女性较多，主要集中在15岁到29岁的女性群体。值得注意的是1-14岁的女性群体受害人数排名第二，可见较为年幼的女性群体在社会的危险指数也较高，需要受到关注。,美洲地区各年龄层女性遭受凶杀的人数
Puerto Rico,Americas,Caribbean,Female 15-29 Count,24,美洲地区的调查地区数据较完善，可以明显看到各年龄阶段的受害女性较多，主要集中在15岁到29岁的女性群体。值得注意的是1-14岁的女性群体受害人数排名第二，可见较为年幼的女性群体在社会的危险指数也较高，需要受到关注。,美洲地区各年龄层女性遭受凶杀的人数
Puerto Rico,Americas,Caribbean,Female 30-44 Count,19,美洲地区的调查地区数据较完善，可以明显看到各年龄阶段的受害女性较多，主要集中在15岁到29岁的女性群体。值得注意的是1-14岁的女性群体受害人数排名第二，可见较为年幼的女性群体在社会的危险指数也较高，需要受到关注。,美洲地区各年龄层女性遭受凶杀的人数
Puerto Rico,Americas,Caribbean,Female 45-59 Count,9,美洲地区的调查地区数据较完善，可以明显看到各年龄阶段的受害女性较多，主要集中在15岁到29岁的女性群体。值得注意的是1-14岁的女性群体受害人数排名第二，可见较为年幼的女性群体在社会的危险指数也较高，需要受到关注。,美洲地区各年龄层女性遭受凶杀的人数
Puerto Rico,Americas,Caribbean,Female 60 or more Count,8,美洲地区的调查地区数据较完善，可以明显看到各年龄阶段的受害女性较多，主要集中在15岁到29岁的女性群体。值得注意的是1-14岁的女性群体受害人数排名第二，可见较为年幼的女性群体在社会的危险指数也较高，需要受到关注。,美洲地区各年龄层女性遭受凶杀的人数
Qatar,Asia,Western Asia,Female 0-14 Count,0,亚洲收集了40多个地区的数据，可以看到受害人群同样是较多集中在15-29岁，其次则是0-14岁的女性。与美洲地区的分布比例相似，在下面的细则数据表中可以发现，数量较多的国家有菲律宾和泰国，分布有接近400人和200人的受害人数，与其他国家差距较大。,亚洲地区各年龄女性遭受凶杀的人数
Qatar,Asia,Western Asia,Female 15-29 Count,0,亚洲收集了40多个地区的数据，可以看到受害人群同样是较多集中在15-29岁，其次则是0-14岁的女性。与美洲地区的分布比例相似，在下面的细则数据表中可以发现，数量较多的国家有菲律宾和泰国，分布有接近400人和200人的受害人数，与其他国家差距较大。,亚洲地区各年龄女性遭受凶杀的人数
Qatar,Asia,Western Asia,Female 30-44 Count,0,亚洲收集了40多个地区的数据，可以看到受害人群同样是较多集中在15-29岁，其次则是0-14岁的女性。与美洲地区的分布比例相似，在下面的细则数据表中可以发现，数量较多的国家有菲律宾和泰国，分布有接近400人和200人的受害人数，与其他国家差距较大。,亚洲地区各年龄女性遭受凶杀的人数
Qatar,Asia,Western Asia,Female 45-59 Count,0,亚洲收集了40多个地区的数据，可以看到受害人群同样是较多集中在15-29岁，其次则是0-14岁的女性。与美洲地区的分布比例相似，在下面的细则数据表中可以发现，数量较多的国家有菲律宾和泰国，分布有接近400人和200人的受害人数，与其他国家差距较大。,亚洲地区各年龄女性遭受凶杀的人数
Qatar,Asia,Western Asia,Female 60 or more Count,0,亚洲收集了40多个地区的数据，可以看到受害人群同样是较多集中在15-29岁，其次则是0-14岁的女性。与美洲地区的分布比例相似，在下面的细则数据表中可以发现，数量较多的国家有菲律宾和泰国，分布有接近400人和200人的受害人数，与其他国家差距较大。,亚洲地区各年龄女性遭受凶杀的人数
Romania,Europe,Eastern Europe,Female 0-14 Count,8,欧洲地区的受害女性群体的年龄分布较为平均，最多还是集中在15-29岁的女性群体，比较奇怪的是欧洲地区60岁以上的女性群体受害的人数位列第二名，其次才是0-14岁。这方面的独特性可以进一步探讨这些案件背后的主要原因。而德国、意大利、罗马地区的受害群体人数是较多的。,欧洲地区各年龄女性遭受凶杀的人数
Romania,Europe,Eastern Europe,Female 15-29 Count,15,欧洲地区的受害女性群体的年龄分布较为平均，最多还是集中在15-29岁的女性群体，比较奇怪的是欧洲地区60岁以上的女性群体受害的人数位列第二名，其次才是0-14岁。这方面的独特性可以进一步探讨这些案件背后的主要原因。而德国、意大利、罗马地区的受害群体人数是较多的。,欧洲地区各年龄女性遭受凶杀的人数
Romania,Europe,Eastern Europe,Female 30-44 Count,32,欧洲地区的受害女性群体的年龄分布较为平均，最多还是集中在15-29岁的女性群体，比较奇怪的是欧洲地区60岁以上的女性群体受害的人数位列第二名，其次才是0-14岁。这方面的独特性可以进一步探讨这些案件背后的主要原因。而德国、意大利、罗马地区的受害群体人数是较多的。,欧洲地区各年龄女性遭受凶杀的人数
Romania,Europe,Eastern Europe,Female 60 or more Count,55,欧洲地区的受害女性群体的年龄分布较为平均，最多还是集中在15-29岁的女性群体，比较奇怪的是欧洲地区60岁以上的女性群体受害的人数位列第二名，其次才是0-14岁。这方面的独特性可以进一步探讨这些案件背后的主要原因。而德国、意大利、罗马地区的受害群体人数是较多的。,欧洲地区各年龄女性遭受凶杀的人数
Saint Lucia,Americas,Caribbean,Female 0-14 Count,1,美洲地区的调查地区数据较完善，可以明显看到各年龄阶段的受害女性较多，主要集中在15岁到29岁的女性群体。值得注意的是1-14岁的女性群体受害人数排名第二，可见较为年幼的女性群体在社会的危险指数也较高，需要受到关注。,美洲地区各年龄层女性遭受凶杀的人数
Saint Lucia,Americas,Caribbean,Female 15-29 Count,1,美洲地区的调查地区数据较完善，可以明显看到各年龄阶段的受害女性较多，主要集中在15岁到29岁的女性群体。值得注意的是1-14岁的女性群体受害人数排名第二，可见较为年幼的女性群体在社会的危险指数也较高，需要受到关注。,美洲地区各年龄层女性遭受凶杀的人数
Saint Lucia,Americas,Caribbean,Female 30-44 Count,1,美洲地区的调查地区数据较完善，可以明显看到各年龄阶段的受害女性较多，主要集中在15岁到29岁的女性群体。值得注意的是1-14岁的女性群体受害人数排名第二，可见较为年幼的女性群体在社会的危险指数也较高，需要受到关注。,美洲地区各年龄层女性遭受凶杀的人数
Saint Lucia,Americas,Caribbean,Female 45-59 Count,0,美洲地区的调查地区数据较完善，可以明显看到各年龄阶段的受害女性较多，主要集中在15岁到29岁的女性群体。值得注意的是1-14岁的女性群体受害人数排名第二，可见较为年幼的女性群体在社会的危险指数也较高，需要受到关注。,美洲地区各年龄层女性遭受凶杀的人数
Saint Lucia,Americas,Caribbean,Female 60 or more Count,2,美洲地区的调查地区数据较完善，可以明显看到各年龄阶段的受害女性较多，主要集中在15岁到29岁的女性群体。值得注意的是1-14岁的女性群体受害人数排名第二，可见较为年幼的女性群体在社会的危险指数也较高，需要受到关注。,美洲地区各年龄层女性遭受凶杀的人数
Serbia,Europe,Southern Europe,Female 0-14 Count,7,欧洲地区的受害女性群体的年龄分布较为平均，最多还是集中在15-29岁的女性群体，比较奇怪的是欧洲地区60岁以上的女性群体受害的人数位列第二名，其次才是0-14岁。这方面的独特性可以进一步探讨这些案件背后的主要原因。而德国、意大利、罗马地区的受害群体人数是较多的。,欧洲地区各年龄女性遭受凶杀的人数
Serbia,Europe,Southern Europe,Female 15-29 Count,7,欧洲地区的受害女性群体的年龄分布较为平均，最多还是集中在15-29岁的女性群体，比较奇怪的是欧洲地区60岁以上的女性群体受害的人数位列第二名，其次才是0-14岁。这方面的独特性可以进一步探讨这些案件背后的主要原因。而德国、意大利、罗马地区的受害群体人数是较多的。,欧洲地区各年龄女性遭受凶杀的人数
Serbia,Europe,Southern Europe,Female 30-44 Count,7,欧洲地区的受害女性群体的年龄分布较为平均，最多还是集中在15-29岁的女性群体，比较奇怪的是欧洲地区60岁以上的女性群体受害的人数位列第二名，其次才是0-14岁。这方面的独特性可以进一步探讨这些案件背后的主要原因。而德国、意大利、罗马地区的受害群体人数是较多的。,欧洲地区各年龄女性遭受凶杀的人数
Serbia,Europe,Southern Europe,Female 45-59 Count,6,欧洲地区的受害女性群体的年龄分布较为平均，最多还是集中在15-29岁的女性群体，比较奇怪的是欧洲地区60岁以上的女性群体受害的人数位列第二名，其次才是0-14岁。这方面的独特性可以进一步探讨这些案件背后的主要原因。而德国、意大利、罗马地区的受害群体人数是较多的。,欧洲地区各年龄女性遭受凶杀的人数
Serbia,Europe,Southern Europe,Female 60 or more Count,15,欧洲地区的受害女性群体的年龄分布较为平均，最多还是集中在15-29岁的女性群体，比较奇怪的是欧洲地区60岁以上的女性群体受害的人数位列第二名，其次才是0-14岁。这方面的独特性可以进一步探讨这些案件背后的主要原因。而德国、意大利、罗马地区的受害群体人数是较多的。,欧洲地区各年龄女性遭受凶杀的人数
Singapore,Asia,South-Eastern Asia,Female 0-14 Count,1,亚洲收集了40多个地区的数据，可以看到受害人群同样是较多集中在15-29岁，其次则是0-14岁的女性。与美洲地区的分布比例相似，在下面的细则数据表中可以发现，数量较多的国家有菲律宾和泰国，分布有接近400人和200人的受害人数，与其他国家差距较大。,亚洲地区各年龄女性遭受凶杀的人数
Singapore,Asia,South-Eastern Asia,Female 15-29 Count,0,亚洲收集了40多个地区的数据，可以看到受害人群同样是较多集中在15-29岁，其次则是0-14岁的女性。与美洲地区的分布比例相似，在下面的细则数据表中可以发现，数量较多的国家有菲律宾和泰国，分布有接近400人和200人的受害人数，与其他国家差距较大。,亚洲地区各年龄女性遭受凶杀的人数
Singapore,Asia,South-Eastern Asia,Female 30-44 Count,2,亚洲收集了40多个地区的数据，可以看到受害人群同样是较多集中在15-29岁，其次则是0-14岁的女性。与美洲地区的分布比例相似，在下面的细则数据表中可以发现，数量较多的国家有菲律宾和泰国，分布有接近400人和200人的受害人数，与其他国家差距较大。,亚洲地区各年龄女性遭受凶杀的人数
Singapore,Asia,South-Eastern Asia,Female 45-59 Count,0,亚洲收集了40多个地区的数据，可以看到受害人群同样是较多集中在15-29岁，其次则是0-14岁的女性。与美洲地区的分布比例相似，在下面的细则数据表中可以发现，数量较多的国家有菲律宾和泰国，分布有接近400人和200人的受害人数，与其他国家差距较大。,亚洲地区各年龄女性遭受凶杀的人数
Singapore,Asia,South-Eastern Asia,Female 60 or more Count,0,亚洲收集了40多个地区的数据，可以看到受害人群同样是较多集中在15-29岁，其次则是0-14岁的女性。与美洲地区的分布比例相似，在下面的细则数据表中可以发现，数量较多的国家有菲律宾和泰国，分布有接近400人和200人的受害人数，与其他国家差距较大。,亚洲地区各年龄女性遭受凶杀的人数
Slovenia,Europe,Southern Europe,Female 0-14 Count,1,欧洲地区的受害女性群体的年龄分布较为平均，最多还是集中在15-29岁的女性群体，比较奇怪的是欧洲地区60岁以上的女性群体受害的人数位列第二名，其次才是0-14岁。这方面的独特性可以进一步探讨这些案件背后的主要原因。而德国、意大利、罗马地区的受害群体人数是较多的。,欧洲地区各年龄女性遭受凶杀的人数
Slovenia,Europe,Southern Europe,Female 15-29 Count,1,欧洲地区的受害女性群体的年龄分布较为平均，最多还是集中在15-29岁的女性群体，比较奇怪的是欧洲地区60岁以上的女性群体受害的人数位列第二名，其次才是0-14岁。这方面的独特性可以进一步探讨这些案件背后的主要原因。而德国、意大利、罗马地区的受害群体人数是较多的。,欧洲地区各年龄女性遭受凶杀的人数
Slovenia,Europe,Southern Europe,Female 30-44 Count,1,欧洲地区的受害女性群体的年龄分布较为平均，最多还是集中在15-29岁的女性群体，比较奇怪的是欧洲地区60岁以上的女性群体受害的人数位列第二名，其次才是0-14岁。这方面的独特性可以进一步探讨这些案件背后的主要原因。而德国、意大利、罗马地区的受害群体人数是较多的。,欧洲地区各年龄女性遭受凶杀的人数
Slovenia,Europe,Southern Europe,Female 45-59 Count,5,欧洲地区的受害女性群体的年龄分布较为平均，最多还是集中在15-29岁的女性群体，比较奇怪的是欧洲地区60岁以上的女性群体受害的人数位列第二名，其次才是0-14岁。这方面的独特性可以进一步探讨这些案件背后的主要原因。而德国、意大利、罗马地区的受害群体人数是较多的。,欧洲地区各年龄女性遭受凶杀的人数
Slovenia,Europe,Southern Europe,Female 60 or more Count,0,欧洲地区的受害女性群体的年龄分布较为平均，最多还是集中在15-29岁的女性群体，比较奇怪的是欧洲地区60岁以上的女性群体受害的人数位列第二名，其次才是0-14岁。这方面的独特性可以进一步探讨这些案件背后的主要原因。而德国、意大利、罗马地区的受害群体人数是较多的。,欧洲地区各年龄女性遭受凶杀的人数
Spain,Europe,Southern Europe,Female 0-14 Count,10,欧洲地区的受害女性群体的年龄分布较为平均，最多还是集中在15-29岁的女性群体，比较奇怪的是欧洲地区60岁以上的女性群体受害的人数位列第二名，其次才是0-14岁。这方面的独特性可以进一步探讨这些案件背后的主要原因。而德国、意大利、罗马地区的受害群体人数是较多的。,欧洲地区各年龄女性遭受凶杀的人数
Spain,Europe,Southern Europe,Female 15-29 Count,22,欧洲地区的受害女性群体的年龄分布较为平均，最多还是集中在15-29岁的女性群体，比较奇怪的是欧洲地区60岁以上的女性群体受害的人数位列第二名，其次才是0-14岁。这方面的独特性可以进一步探讨这些案件背后的主要原因。而德国、意大利、罗马地区的受害群体人数是较多的。,欧洲地区各年龄女性遭受凶杀的人数
Spain,Europe,Southern Europe,Female 30-44 Count,41,欧洲地区的受害女性群体的年龄分布较为平均，最多还是集中在15-29岁的女性群体，比较奇怪的是欧洲地区60岁以上的女性群体受害的人数位列第二名，其次才是0-14岁。这方面的独特性可以进一步探讨这些案件背后的主要原因。而德国、意大利、罗马地区的受害群体人数是较多的。,欧洲地区各年龄女性遭受凶杀的人数
Sri Lanka,Asia,Southern Asia,Female 0-14 Count,9,亚洲收集了40多个地区的数据，可以看到受害人群同样是较多集中在15-29岁，其次则是0-14岁的女性。与美洲地区的分布比例相似，在下面的细则数据表中可以发现，数量较多的国家有菲律宾和泰国，分布有接近400人和200人的受害人数，与其他国家差距较大。,亚洲地区各年龄女性遭受凶杀的人数
Sri Lanka,Asia,Southern Asia,Female 15-29 Count,41,亚洲收集了40多个地区的数据，可以看到受害人群同样是较多集中在15-29岁，其次则是0-14岁的女性。与美洲地区的分布比例相似，在下面的细则数据表中可以发现，数量较多的国家有菲律宾和泰国，分布有接近400人和200人的受害人数，与其他国家差距较大。,亚洲地区各年龄女性遭受凶杀的人数
Sri Lanka,Asia,Southern Asia,Female 45-59 Count,28,亚洲收集了40多个地区的数据，可以看到受害人群同样是较多集中在15-29岁，其次则是0-14岁的女性。与美洲地区的分布比例相似，在下面的细则数据表中可以发现，数量较多的国家有菲律宾和泰国，分布有接近400人和200人的受害人数，与其他国家差距较大。,亚洲地区各年龄女性遭受凶杀的人数
State of Palestine,Asia,Western Asia,Female 0-14 Count,4,亚洲收集了40多个地区的数据，可以看到受害人群同样是较多集中在15-29岁，其次则是0-14岁的女性。与美洲地区的分布比例相似，在下面的细则数据表中可以发现，数量较多的国家有菲律宾和泰国，分布有接近400人和200人的受害人数，与其他国家差距较大。,亚洲地区各年龄女性遭受凶杀的人数
State of Palestine,Asia,Western Asia,Female 15-29 Count,0,亚洲收集了40多个地区的数据，可以看到受害人群同样是较多集中在15-29岁，其次则是0-14岁的女性。与美洲地区的分布比例相似，在下面的细则数据表中可以发现，数量较多的国家有菲律宾和泰国，分布有接近400人和200人的受害人数，与其他国家差距较大。,亚洲地区各年龄女性遭受凶杀的人数
State of Palestine,Asia,Western Asia,Female 30-44 Count,6,亚洲收集了40多个地区的数据，可以看到受害人群同样是较多集中在15-29岁，其次则是0-14岁的女性。与美洲地区的分布比例相似，在下面的细则数据表中可以发现，数量较多的国家有菲律宾和泰国，分布有接近400人和200人的受害人数，与其他国家差距较大。,亚洲地区各年龄女性遭受凶杀的人数
State of Palestine,Asia,Western Asia,Female 45-59 Count,0,亚洲收集了40多个地区的数据，可以看到受害人群同样是较多集中在15-29岁，其次则是0-14岁的女性。与美洲地区的分布比例相似，在下面的细则数据表中可以发现，数量较多的国家有菲律宾和泰国，分布有接近400人和200人的受害人数，与其他国家差距较大。,亚洲地区各年龄女性遭受凶杀的人数
State of Palestine,Asia,Western Asia,Female 60 or more Count,0,亚洲收集了40多个地区的数据，可以看到受害人群同样是较多集中在15-29岁，其次则是0-14岁的女性。与美洲地区的分布比例相似，在下面的细则数据表中可以发现，数量较多的国家有菲律宾和泰国，分布有接近400人和200人的受害人数，与其他国家差距较大。,亚洲地区各年龄女性遭受凶杀的人数
Sweden,Europe,Northern Europe,Female 0-14 Count,4,欧洲地区的受害女性群体的年龄分布较为平均，最多还是集中在15-29岁的女性群体，比较奇怪的是欧洲地区60岁以上的女性群体受害的人数位列第二名，其次才是0-14岁。这方面的独特性可以进一步探讨这些案件背后的主要原因。而德国、意大利、罗马地区的受害群体人数是较多的。,欧洲地区各年龄女性遭受凶杀的人数
Sweden,Europe,Northern Europe,Female 15-29 Count,5,欧洲地区的受害女性群体的年龄分布较为平均，最多还是集中在15-29岁的女性群体，比较奇怪的是欧洲地区60岁以上的女性群体受害的人数位列第二名，其次才是0-14岁。这方面的独特性可以进一步探讨这些案件背后的主要原因。而德国、意大利、罗马地区的受害群体人数是较多的。,欧洲地区各年龄女性遭受凶杀的人数
Sweden,Europe,Northern Europe,Female 30-44 Count,9,欧洲地区的受害女性群体的年龄分布较为平均，最多还是集中在15-29岁的女性群体，比较奇怪的是欧洲地区60岁以上的女性群体受害的人数位列第二名，其次才是0-14岁。这方面的独特性可以进一步探讨这些案件背后的主要原因。而德国、意大利、罗马地区的受害群体人数是较多的。,欧洲地区各年龄女性遭受凶杀的人数
Sweden,Europe,Northern Europe,Female 45-59 Count,3,欧洲地区的受害女性群体的年龄分布较为平均，最多还是集中在15-29岁的女性群体，比较奇怪的是欧洲地区60岁以上的女性群体受害的人数位列第二名，其次才是0-14岁。这方面的独特性可以进一步探讨这些案件背后的主要原因。而德国、意大利、罗马地区的受害群体人数是较多的。,欧洲地区各年龄女性遭受凶杀的人数
Sweden,Europe,Northern Europe,Female 60 or more Count,5,欧洲地区的受害女性群体的年龄分布较为平均，最多还是集中在15-29岁的女性群体，比较奇怪的是欧洲地区60岁以上的女性群体受害的人数位列第二名，其次才是0-14岁。这方面的独特性可以进一步探讨这些案件背后的主要原因。而德国、意大利、罗马地区的受害群体人数是较多的。,欧洲地区各年龄女性遭受凶杀的人数
Switzerland,Europe,Western Europe,Female 0-14 Count,1,欧洲地区的受害女性群体的年龄分布较为平均，最多还是集中在15-29岁的女性群体，比较奇怪的是欧洲地区60岁以上的女性群体受害的人数位列第二名，其次才是0-14岁。这方面的独特性可以进一步探讨这些案件背后的主要原因。而德国、意大利、罗马地区的受害群体人数是较多的。,欧洲地区各年龄女性遭受凶杀的人数
Switzerland,Europe,Western Europe,Female 15-29 Count,5,欧洲地区的受害女性群体的年龄分布较为平均，最多还是集中在15-29岁的女性群体，比较奇怪的是欧洲地区60岁以上的女性群体受害的人数位列第二名，其次才是0-14岁。这方面的独特性可以进一步探讨这些案件背后的主要原因。而德国、意大利、罗马地区的受害群体人数是较多的。,欧洲地区各年龄女性遭受凶杀的人数
Switzerland,Europe,Western Europe,Female 30-44 Count,6,欧洲地区的受害女性群体的年龄分布较为平均，最多还是集中在15-29岁的女性群体，比较奇怪的是欧洲地区60岁以上的女性群体受害的人数位列第二名，其次才是0-14岁。这方面的独特性可以进一步探讨这些案件背后的主要原因。而德国、意大利、罗马地区的受害群体人数是较多的。,欧洲地区各年龄女性遭受凶杀的人数
Switzerland,Europe,Western Europe,Female 45-59 Count,9,欧洲地区的受害女性群体的年龄分布较为平均，最多还是集中在15-29岁的女性群体，比较奇怪的是欧洲地区60岁以上的女性群体受害的人数位列第二名，其次才是0-14岁。这方面的独特性可以进一步探讨这些案件背后的主要原因。而德国、意大利、罗马地区的受害群体人数是较多的。,欧洲地区各年龄女性遭受凶杀的人数
Switzerland,Europe,Western Europe,Female 60 or more Count,5,欧洲地区的受害女性群体的年龄分布较为平均，最多还是集中在15-29岁的女性群体，比较奇怪的是欧洲地区60岁以上的女性群体受害的人数位列第二名，其次才是0-14岁。这方面的独特性可以进一步探讨这些案件背后的主要原因。而德国、意大利、罗马地区的受害群体人数是较多的。,欧洲地区各年龄女性遭受凶杀的人数
Thailand,Asia,South-Eastern Asia,Female 0-14 Count,13,亚洲收集了40多个地区的数据，可以看到受害人群同样是较多集中在15-29岁，其次则是0-14岁的女性。与美洲地区的分布比例相似，在下面的细则数据表中可以发现，数量较多的国家有菲律宾和泰国，分布有接近400人和200人的受害人数，与其他国家差距较大。,亚洲地区各年龄女性遭受凶杀的人数
Thailand,Asia,South-Eastern Asia,Female 15-29 Count,108,亚洲收集了40多个地区的数据，可以看到受害人群同样是较多集中在15-29岁，其次则是0-14岁的女性。与美洲地区的分布比例相似，在下面的细则数据表中可以发现，数量较多的国家有菲律宾和泰国，分布有接近400人和200人的受害人数，与其他国家差距较大。,亚洲地区各年龄女性遭受凶杀的人数
Thailand,Asia,South-Eastern Asia,Female 60 or more Count,42,亚洲收集了40多个地区的数据，可以看到受害人群同样是较多集中在15-29岁，其次则是0-14岁的女性。与美洲地区的分布比例相似，在下面的细则数据表中可以发现，数量较多的国家有菲律宾和泰国，分布有接近400人和200人的受害人数，与其他国家差距较大。,亚洲地区各年龄女性遭受凶杀的人数
The former Yugoslav Republic of Macedonia,Europe,Southern Europe,Female 0-14 Count,0,欧洲地区的受害女性群体的年龄分布较为平均，最多还是集中在15-29岁的女性群体，比较奇怪的是欧洲地区60岁以上的女性群体受害的人数位列第二名，其次才是0-14岁。这方面的独特性可以进一步探讨这些案件背后的主要原因。而德国、意大利、罗马地区的受害群体人数是较多的。,欧洲地区各年龄女性遭受凶杀的人数
The former Yugoslav Republic of Macedonia,Europe,Southern Europe,Female 15-29 Count,3,欧洲地区的受害女性群体的年龄分布较为平均，最多还是集中在15-29岁的女性群体，比较奇怪的是欧洲地区60岁以上的女性群体受害的人数位列第二名，其次才是0-14岁。这方面的独特性可以进一步探讨这些案件背后的主要原因。而德国、意大利、罗马地区的受害群体人数是较多的。,欧洲地区各年龄女性遭受凶杀的人数
The former Yugoslav Republic of Macedonia,Europe,Southern Europe,Female 30-44 Count,5,欧洲地区的受害女性群体的年龄分布较为平均，最多还是集中在15-29岁的女性群体，比较奇怪的是欧洲地区60岁以上的女性群体受害的人数位列第二名，其次才是0-14岁。这方面的独特性可以进一步探讨这些案件背后的主要原因。而德国、意大利、罗马地区的受害群体人数是较多的。,欧洲地区各年龄女性遭受凶杀的人数
The former Yugoslav Republic of Macedonia,Europe,Southern Europe,Female 45-59 Count,0,欧洲地区的受害女性群体的年龄分布较为平均，最多还是集中在15-29岁的女性群体，比较奇怪的是欧洲地区60岁以上的女性群体受害的人数位列第二名，其次才是0-14岁。这方面的独特性可以进一步探讨这些案件背后的主要原因。而德国、意大利、罗马地区的受害群体人数是较多的。,欧洲地区各年龄女性遭受凶杀的人数
The former Yugoslav Republic of Macedonia,Europe,Southern Europe,Female 60 or more Count,7,欧洲地区的受害女性群体的年龄分布较为平均，最多还是集中在15-29岁的女性群体，比较奇怪的是欧洲地区60岁以上的女性群体受害的人数位列第二名，其次才是0-14岁。这方面的独特性可以进一步探讨这些案件背后的主要原因。而德国、意大利、罗马地区的受害群体人数是较多的。,欧洲地区各年龄女性遭受凶杀的人数
Trinidad and Tobago,Americas,Caribbean,Female 0-14 Count,3,美洲地区的调查地区数据较完善，可以明显看到各年龄阶段的受害女性较多，主要集中在15岁到29岁的女性群体。值得注意的是1-14岁的女性群体受害人数排名第二，可见较为年幼的女性群体在社会的危险指数也较高，需要受到关注。,美洲地区各年龄层女性遭受凶杀的人数
Trinidad and Tobago,Americas,Caribbean,Female 15-29 Count,22,美洲地区的调查地区数据较完善，可以明显看到各年龄阶段的受害女性较多，主要集中在15岁到29岁的女性群体。值得注意的是1-14岁的女性群体受害人数排名第二，可见较为年幼的女性群体在社会的危险指数也较高，需要受到关注。,美洲地区各年龄层女性遭受凶杀的人数
Trinidad and Tobago,Americas,Caribbean,Female 30-44 Count,19,美洲地区的调查地区数据较完善，可以明显看到各年龄阶段的受害女性较多，主要集中在15岁到29岁的女性群体。值得注意的是1-14岁的女性群体受害人数排名第二，可见较为年幼的女性群体在社会的危险指数也较高，需要受到关注。,美洲地区各年龄层女性遭受凶杀的人数
Trinidad and Tobago,Americas,Caribbean,Female 45-59 Count,4,美洲地区的调查地区数据较完善，可以明显看到各年龄阶段的受害女性较多，主要集中在15岁到29岁的女性群体。值得注意的是1-14岁的女性群体受害人数排名第二，可见较为年幼的女性群体在社会的危险指数也较高，需要受到关注。,美洲地区各年龄层女性遭受凶杀的人数
Trinidad and Tobago,Americas,Caribbean,Female 60 or more Count,4,美洲地区的调查地区数据较完善，可以明显看到各年龄阶段的受害女性较多，主要集中在15岁到29岁的女性群体。值得注意的是1-14岁的女性群体受害人数排名第二，可见较为年幼的女性群体在社会的危险指数也较高，需要受到关注。,美洲地区各年龄层女性遭受凶杀的人数
United Kingdom (England and Wales),Europe,Northern Europe,Female 0-14 Count,27,欧洲地区的受害女性群体的年龄分布较为平均，最多还是集中在15-29岁的女性群体，比较奇怪的是欧洲地区60岁以上的女性群体受害的人数位列第二名，其次才是0-14岁。这方面的独特性可以进一步探讨这些案件背后的主要原因。而德国、意大利、罗马地区的受害群体人数是较多的。,欧洲地区各年龄女性遭受凶杀的人数
United Kingdom (England and Wales),Europe,Northern Europe,Female 15-29 Count,50,欧洲地区的受害女性群体的年龄分布较为平均，最多还是集中在15-29岁的女性群体，比较奇怪的是欧洲地区60岁以上的女性群体受害的人数位列第二名，其次才是0-14岁。这方面的独特性可以进一步探讨这些案件背后的主要原因。而德国、意大利、罗马地区的受害群体人数是较多的。,欧洲地区各年龄女性遭受凶杀的人数
United Kingdom (England and Wales),Europe,Northern Europe,Female 60 or more Count,55,欧洲地区的受害女性群体的年龄分布较为平均，最多还是集中在15-29岁的女性群体，比较奇怪的是欧洲地区60岁以上的女性群体受害的人数位列第二名，其次才是0-14岁。这方面的独特性可以进一步探讨这些案件背后的主要原因。而德国、意大利、罗马地区的受害群体人数是较多的。,欧洲地区各年龄女性遭受凶杀的人数
United Kingdom (Northern Ireland),Europe,Northern Europe,Female 0-14 Count,0,欧洲地区的受害女性群体的年龄分布较为平均，最多还是集中在15-29岁的女性群体，比较奇怪的是欧洲地区60岁以上的女性群体受害的人数位列第二名，其次才是0-14岁。这方面的独特性可以进一步探讨这些案件背后的主要原因。而德国、意大利、罗马地区的受害群体人数是较多的。,欧洲地区各年龄女性遭受凶杀的人数
United Kingdom (Northern Ireland),Europe,Northern Europe,Female 15-29 Count,1,欧洲地区的受害女性群体的年龄分布较为平均，最多还是集中在15-29岁的女性群体，比较奇怪的是欧洲地区60岁以上的女性群体受害的人数位列第二名，其次才是0-14岁。这方面的独特性可以进一步探讨这些案件背后的主要原因。而德国、意大利、罗马地区的受害群体人数是较多的。,欧洲地区各年龄女性遭受凶杀的人数
United Kingdom (Northern Ireland),Europe,Northern Europe,Female 30-44 Count,2,欧洲地区的受害女性群体的年龄分布较为平均，最多还是集中在15-29岁的女性群体，比较奇怪的是欧洲地区60岁以上的女性群体受害的人数位列第二名，其次才是0-14岁。这方面的独特性可以进一步探讨这些案件背后的主要原因。而德国、意大利、罗马地区的受害群体人数是较多的。,欧洲地区各年龄女性遭受凶杀的人数
United Kingdom (Northern Ireland),Europe,Northern Europe,Female 45-59 Count,2,欧洲地区的受害女性群体的年龄分布较为平均，最多还是集中在15-29岁的女性群体，比较奇怪的是欧洲地区60岁以上的女性群体受害的人数位列第二名，其次才是0-14岁。这方面的独特性可以进一步探讨这些案件背后的主要原因。而德国、意大利、罗马地区的受害群体人数是较多的。,欧洲地区各年龄女性遭受凶杀的人数
United Kingdom (Northern Ireland),Europe,Northern Europe,Female 60 or more Count,0,欧洲地区的受害女性群体的年龄分布较为平均，最多还是集中在15-29岁的女性群体，比较奇怪的是欧洲地区60岁以上的女性群体受害的人数位列第二名，其次才是0-14岁。这方面的独特性可以进一步探讨这些案件背后的主要原因。而德国、意大利、罗马地区的受害群体人数是较多的。,欧洲地区各年龄女性遭受凶杀的人数
United Kingdom (Scotland),Europe,Northern Europe,Female 0-14 Count,1,欧洲地区的受害女性群体的年龄分布较为平均，最多还是集中在15-29岁的女性群体，比较奇怪的是欧洲地区60岁以上的女性群体受害的人数位列第二名，其次才是0-14岁。这方面的独特性可以进一步探讨这些案件背后的主要原因。而德国、意大利、罗马地区的受害群体人数是较多的。,欧洲地区各年龄女性遭受凶杀的人数
United Kingdom (Scotland),Europe,Northern Europe,Female 15-29 Count,7,欧洲地区的受害女性群体的年龄分布较为平均，最多还是集中在15-29岁的女性群体，比较奇怪的是欧洲地区60岁以上的女性群体受害的人数位列第二名，其次才是0-14岁。这方面的独特性可以进一步探讨这些案件背后的主要原因。而德国、意大利、罗马地区的受害群体人数是较多的。,欧洲地区各年龄女性遭受凶杀的人数
United Kingdom (Scotland),Europe,Northern Europe,Female 30-44 Count,7,欧洲地区的受害女性群体的年龄分布较为平均，最多还是集中在15-29岁的女性群体，比较奇怪的是欧洲地区60岁以上的女性群体受害的人数位列第二名，其次才是0-14岁。这方面的独特性可以进一步探讨这些案件背后的主要原因。而德国、意大利、罗马地区的受害群体人数是较多的。,欧洲地区各年龄女性遭受凶杀的人数
United Kingdom (Scotland),Europe,Northern Europe,Female 45-59 Count,3,欧洲地区的受害女性群体的年龄分布较为平均，最多还是集中在15-29岁的女性群体，比较奇怪的是欧洲地区60岁以上的女性群体受害的人数位列第二名，其次才是0-14岁。这方面的独特性可以进一步探讨这些案件背后的主要原因。而德国、意大利、罗马地区的受害群体人数是较多的。,欧洲地区各年龄女性遭受凶杀的人数
United Kingdom (Scotland),Europe,Northern Europe,Female 60 or more Count,3,欧洲地区的受害女性群体的年龄分布较为平均，最多还是集中在15-29岁的女性群体，比较奇怪的是欧洲地区60岁以上的女性群体受害的人数位列第二名，其次才是0-14岁。这方面的独特性可以进一步探讨这些案件背后的主要原因。而德国、意大利、罗马地区的受害群体人数是较多的。,欧洲地区各年龄女性遭受凶杀的人数
United Kingdom of Great Britain and Northern Ireland,Europe,Northern Europe,Female 0-14 Count,28,欧洲地区的受害女性群体的年龄分布较为平均，最多还是集中在15-29岁的女性群体，比较奇怪的是欧洲地区60岁以上的女性群体受害的人数位列第二名，其次才是0-14岁。这方面的独特性可以进一步探讨这些案件背后的主要原因。而德国、意大利、罗马地区的受害群体人数是较多的。,欧洲地区各年龄女性遭受凶杀的人数
United Kingdom of Great Britain and Northern Ireland,Europe,Northern Europe,Female 15-29 Count,60,欧洲地区的受害女性群体的年龄分布较为平均，最多还是集中在15-29岁的女性群体，比较奇怪的是欧洲地区60岁以上的女性群体受害的人数位列第二名，其次才是0-14岁。这方面的独特性可以进一步探讨这些案件背后的主要原因。而德国、意大利、罗马地区的受害群体人数是较多的。,欧洲地区各年龄女性遭受凶杀的人数
United States of America,Americas,Northern America,Female 0-14 Count,312,美洲地区的调查地区数据较完善，可以明显看到各年龄阶段的受害女性较多，主要集中在15岁到29岁的女性群体。值得注意的是1-14岁的女性群体受害人数排名第二，可见较为年幼的女性群体在社会的危险指数也较高，需要受到关注。,美洲地区各年龄层女性遭受凶杀的人数
United States of America,Americas,Northern America,Female 15-29 Count,1024,美洲地区的调查地区数据较完善，可以明显看到各年龄阶段的受害女性较多，主要集中在15岁到29岁的女性群体。值得注意的是1-14岁的女性群体受害人数排名第二，可见较为年幼的女性群体在社会的危险指数也较高，需要受到关注。,美洲地区各年龄层女性遭受凶杀的人数
United States Virgin Islands,Americas,Caribbean,Female 0-14 Count,1,美洲地区的调查地区数据较完善，可以明显看到各年龄阶段的受害女性较多，主要集中在15岁到29岁的女性群体。值得注意的是1-14岁的女性群体受害人数排名第二，可见较为年幼的女性群体在社会的危险指数也较高，需要受到关注。,美洲地区各年龄层女性遭受凶杀的人数
United States Virgin Islands,Americas,Caribbean,Female 15-29 Count,3,美洲地区的调查地区数据较完善，可以明显看到各年龄阶段的受害女性较多，主要集中在15岁到29岁的女性群体。值得注意的是1-14岁的女性群体受害人数排名第二，可见较为年幼的女性群体在社会的危险指数也较高，需要受到关注。,美洲地区各年龄层女性遭受凶杀的人数
United States Virgin Islands,Americas,Caribbean,Female 30-44 Count,3,美洲地区的调查地区数据较完善，可以明显看到各年龄阶段的受害女性较多，主要集中在15岁到29岁的女性群体。值得注意的是1-14岁的女性群体受害人数排名第二，可见较为年幼的女性群体在社会的危险指数也较高，需要受到关注。,美洲地区各年龄层女性遭受凶杀的人数
United States Virgin Islands,Americas,Caribbean,Female 45-59 Count,0,美洲地区的调查地区数据较完善，可以明显看到各年龄阶段的受害女性较多，主要集中在15岁到29岁的女性群体。值得注意的是1-14岁的女性群体受害人数排名第二，可见较为年幼的女性群体在社会的危险指数也较高，需要受到关注。,美洲地区各年龄层女性遭受凶杀的人数
United States Virgin Islands,Americas,Caribbean,Female 60 or more Count,0,美洲地区的调查地区数据较完善，可以明显看到各年龄阶段的受害女性较多，主要集中在15岁到29岁的女性群体。值得注意的是1-14岁的女性群体受害人数排名第二，可见较为年幼的女性群体在社会的危险指数也较高，需要受到关注。,美洲地区各年龄层女性遭受凶杀的人数
Venezuela (Bolivarian Republic of),Americas,South America,Female 0-14 Count,58,美洲地区的调查地区数据较完善，可以明显看到各年龄阶段的受害女性较多，主要集中在15岁到29岁的女性群体。值得注意的是1-14岁的女性群体受害人数排名第二，可见较为年幼的女性群体在社会的危险指数也较高，需要受到关注。,美洲地区各年龄层女性遭受凶杀的人数
Venezuela (Bolivarian Republic of),Americas,South America,Female 15-29 Count,370,美洲地区的调查地区数据较完善，可以明显看到各年龄阶段的受害女性较多，主要集中在15岁到29岁的女性群体。值得注意的是1-14岁的女性群体受害人数排名第二，可见较为年幼的女性群体在社会的危险指数也较高，需要受到关注。,美洲地区各年龄层女性遭受凶杀的人数
